ledger_number,date,savings_debit,lodgement,savings_balance,shares_balance,loan_debit,loan_repayment,loan_balance,interest_credit,interest_balance,deduction
2,2017-07-15,0,0,1540169.92,25000,0,0,6030274,0,0,0
3,2017-07-15,0,0,2046500,25000,0,0,2655500,0,0,0
9,2024-12-31,50200,500,331215,25000,0,15080,204330,4420,53040,20000
10,2024-12-24,0,500,1029765,25000,0,67830,1662300,6670,80040,75000
12,2021-05-28,0,0,368975,25000,0,0,941910,0,0,0
13,2017-02-28,0,0,49403,25000,0,0,96090,0,0,0
14,2024-12-31,0,30000,1122238,25000,0,0,0,0,8000,30000
15,2024-12-31,0,500,479582,25000,261990,28580,658490,5920,71040,35000
16,2024-05-02,0,0,1145325,25000,0,0,1396710,0,73370,0
19,2024-12-31,0,500,168279,25000,111292.5,17750,231632.5,1750,21000,20000
22,2023-12-31,300120,0,275620,25000,0,0,0,0,22500,0
23,2024-12-31,0,1000,4888863,25000,6000200,24000,5976200,20000,20000,45000
25,2015-08-06,0,0,269000,25000,0,0,600200,0,0,0
26,2017-12-31,0,0,138553,25000,0,0,253900,0,0,0
27,2024-12-31,0,500,193095,25000,100200,18500,180103,3500,42000,22500
29,2024-12-31,0,500,864910,25000,65497.5,45830,1574037.5,3670,44040,50000
30,2024-12-31,0,7480,697230,25000,0,38350,0,4170,50040,50000
32,2024-12-31,0,1000,413082,25000,117576,39000,78576,0,73370,40000
33,2024-12-31,0,500,289015,25000,133125,25000,262525,2500,32750,28000
34,2024-12-31,0,500,2668350,25000,0,22830,3069340,16670,200040,40000
35,2022-11-30,0,0,0,0,0,0,0,0,0,0
36,2024-12-31,0,6280,1017905,25000,0,57720,0,6000,72000,70000
37,2024-12-31,0,50000,2018818,25000,0,0,0,0,18000,50000
40,2022-06-30,0,0,97028,25000,0,0,146200,0,0,0
42,2024-12-31,0,184350,4783797,25000,0,0,0,0,33340,184350
44,2024-11-30,0,0,2353200,25000,0,5000,2476350,5000,93500,10000
45,2023-08-31,0,0,0,0,0,0,0,0,0,0
46,2023-04-30,0,0,0,0,0,0,0,0,0,0
47,2024-09-30,0,0,6327000,25000,0,0,0,0,0,0
48,2023-07-31,0,0,0,0,0,0,0,0,0,0
49,2017-12-31,0,0,90800,25000,0,0,108000,0,0,0
52,2024-12-31,0,500,215060,25000,76999.5,5640,402079.5,3860,46320,10000
53,2024-12-31,0,30000,1080075,25000,0,0,0,0,15000,30000
55,2023-01-31,0,0,0,0,0,0,0,0,0,0
56,2016-11-30,0,0,83700,25000,0,0,192700,0,0,0
57,2024-12-31,0,30000,2609725,25000,0,0,0,0,0,30000
58,2024-12-31,0,500,902970,25000,0,56840,222360,5660,67920,63000
61,2021-04-30,0,0,338965,25000,0,0,925000,0,0,0
62,2024-12-31,0,500,197665,25000,0,16995,148725,2505,30060,20000
67,2013-02-13,0,0,26100,25000,0,0,15600,0,0,0
68,2024-09-30,0,0,2564290,25000,0,0,0,0,0,0
69,2023-06-08,0,0,1343385,25000,0,0,70020,0,46690,0
70,2013-12-31,0,0,722770,25000,0,0,1579870,0,0,0
71,2024-12-31,0,500,176300,25000,0,4500,41930,2000,24000,7000
72,2023-06-30,0,0,0,0,0,0,0,0,0,0
73,2022-11-30,0,0,0,0,0,0,0,0,0,0
74,2022-11-30,0,0,0,0,0,0,0,0,0,0
75,2023-10-31,0,0,0,0,0,0,0,0,0,0
76,2023-05-31,0,0,0,0,0,0,0,0,0,0
78,2017-12-31,0,0,38700,25000,0,0,72120,0,0,0
79,2024-06-30,137000,0,112500,25000,0,0,0,0,3075,0
80,2024-09-30,0,0,353200,25000,21832.5,0,300242.5,0,23240,0
81,2023-01-31,0,0,0,0,0,0,0,0,0,0
82,2023-05-31,0,0,0,0,0,0,0,0,0,0
83,2024-12-31,0,500,612390,25000,287124,45330,569294,4170,50040,50000
84,2024-10-31,1301500,0,1680860,25000,0,0,403860,0,50010,0
85,2019-07-31,0,0,25000,0,0,0,0,0,0,0
86,2024-10-31,0,0,3429620,25000,0,0,400200,0,166700,0
87,2024-12-31,0,500,2370645,25000,428130,61160,905310,13340,160080,75000
88,2024-12-31,0,500,791987,25000,0,50000,418200,5000,60000,55500
89,2024-12-31,0,10000,1235970,25000,0,0,0,0,0,10000
91,2023-09-30,1639845,0,0,0,0,0,0,0,0,0
92,2024-12-31,0,20000,2009300,25000,0,0,0,0,0,20000
94,2024-12-31,0,15000,999740,25000,0,0,0,0,0,15000
95,2022-12-31,0,0,3200,0,0,0,0,0,12000,0
96,2014-12-31,0,0,54700,25000,0,0,0,0,0,0
97,2024-12-31,0,500,285535,25000,21832.5,8560,37552.5,940,11280,10000
98,2024-12-31,0,40000,2269845,25000,0,0,0,0,0,40000
99,2024-12-31,0,500,1000000,25000,0,66830,1450230,6670,66030,74000
101,2015-10-31,0,0,129250,25000,0,0,896160,0,0,0
102,2024-12-31,0,22800,2229375,25000,0,87200,0,10000,120000,120000
103,2024-12-31,0,500,927134,25000,89460,53330,1683000,5670,59355,59500
104,2024-12-31,0,21200,1006040,25000,0,0,0,0,15040,21200
105,2024-12-31,0,500,155154,25000,0,17000,229580,2500,25000,20000
106,2024-09-30,0,0,155515,25000,0,0,217580,0,21880,0
107,2024-12-31,0,500,691800,25000,0,37580,110620,6920,83040,45000
108,2024-12-31,0,500,449800,25000,111292.5,27000,341492,2500,25000,30000
109,2024-12-31,0,5000,691780,25000,0,70830,858540,4170,41700,80000
110,2024-12-31,0,500,434325,25000,0,37750,113250,3750,45000,42000
111,2024-12-31,0,3000,206350,25000,89460,20000,382160,2000,18000,25000
112,2024-12-31,0,5000,654560,25000,0,46000,648200,4000,48000,55000
113,2024-12-31,0,5000,270397,25000,98832,24560,126232,940,9700,30500
114,2024-12-31,0,1000,460560,25000,1000200,44830,955370,4170,37520,50000
115,2017-12-31,0,0,486006,25000,0,0,666550,0,0,0
116,2018-07-31,0,0,10000,0,0,0,0,0,0,0
117,2024-12-31,0,500,128440,25000,0,13875,44700,625,13000,15000
118,2014-04-30,0,0,0,0,0,0,5900,0,0,0
121,2013-01-01,0,0,138950,25000,0,0,215500,0,0,0
122,2024-12-31,0,2000,622689,25000,0,43830,334016,4170,50040,50000
123,2024-12-31,0,1000,553070,25000,0,44830,910540,4170,32340,50000
124,2024-12-31,0,500,740750,25000,133125,63477,424786,9940,119280,73917
126,2024-06-30,272890,0,248390,25000,0,0,0,0,800,0
128,2024-09-30,0,0,66740,25000,0,0,99398,0,16200,0
129,2024-12-31,0,500,254920,25000,0,22495,201440,5005,60060,28000
130,2023-12-31,588320,0,0,0,0,0,0,0,0,0
131,2024-12-31,0,500,983170,25000,0,39200,1725800,6670,71690,46370
132,2024-12-31,0,500,614180,25000,0,41700,192380,4170,50040,46370
133,2024-12-31,0,5000,570430,25000,0,0,0,0,0,5000
134,2024-01-31,327555,0,0,0,0,0,0,0,0,0
135,2024-12-31,0,500,2026028,25000,0,32830,868880,4170,23350,37500
136,2024-12-31,0,5000,880820,25000,0,22600,279250,2400,28800,30000
137,2024-12-31,0,500,848364,25000,0,42080,726430,7420,89040,50000
139,2024-09-30,2648300,0,2623800,25000,0,0,0,0,0,0
141,2024-12-31,0,10000,1800000,25000,0,0,0,0,0,10000
142,2024-12-22,0,1000,466030,25000,0,46490,304040,12510,59000,60000
143,2024-12-31,0,12280,1497100,25000,0,55050,0,6670,80040,74000
144,2024-12-31,0,12280,1551440,25000,0,55050,0,6670,80040,74000
145,2024-12-31,0,10000,526985,25000,0,65830,829290,4170,32940,80000
146,2024-12-31,0,500,185210,25000,0,16500,316300,3000,27000,20000
147,2024-12-31,0,500,257200,25000,0,25000,240000,2500,30000,28000
148,2024-12-31,3000200,30000,3666610,25000,6000200,200000,5800200,20000,20000,250000
149,2024-12-31,0,5000,1592280,25000,198622.5,104375,509252,10625,127500,120000
150,2024-12-31,0,500,331900,25000,0,20250,156300,4250,51000,25000
151,2024-12-31,0,50000,2292360,25000,0,0,0,0,0,50000
152,2024-12-31,0,500,910210,25000,0,142185,934710,5335,64020,40000
153,2024-12-31,0,46370,3127580,25000,0,0,0,0,0,46370
154,2024-12-31,0,500,1288770,25000,0,50000,706700,5000,60000,55500
155,2018-01-01,0,0,56600,25000,0,0,94900,0,0,0
156,2015-04-30,0,0,374650,25000,0,0,593400,0,0,0
157,2021-04-30,0,0,0,0,0,0,0,0,0,0
158,2024-12-02,0,1500,1103775,25000,0,68500,951800,30000,110000,100000
159,2024-10-31,132665,0,436165,25000,0,0,327000,0,47500,0
160,2011-10-31,0,0,371255,25000,0,0,817535,0,0,0
161,2024-12-31,0,35000,335470,25000,0,0,0,0,0,35000
163,2024-12-31,0,500,779950,25000,0,23935,913680,5565,66780,30000
164,2024-12-22,0,1500,95620,25000,0,54000,4730,4500,18000,60000
165,2024-12-31,0,500,1134640,25000,0,65165,871075,8335,100020,74000
167,2023-08-31,0,0,0,0,0,0,0,0,0,0
168,2024-12-31,0,500,853475,25000,0,44000,679600,11000,132000,55500
170,2024-12-31,0,5000,1990705,25000,0,102000,2634350,13000,156000,120000
171,2024-12-31,0,500,1604410,25000,0,29500,2734200,10000,90000,40000
172,2024-12-31,0,500,1974490,25000,0,33660,3688360,15840,61710,50000
173,2024-08-31,2121590,0,2097590,25000,0,0,0,0,5000,0
174,2024-12-31,0,2000,1208720,25000,0,82360,1350230,15640,140760,100000
175,2023-06-30,0,0,2000,0,0,0,0,0,0,0
176,2024-10-31,23945,500000,3534920,25000,0,0,3535475,0,142675,0
178,2014-08-31,0,0,92250,25000,0,0,127300,0,0,0
179,2024-12-31,0,20000,6793690,25000,0,183330,2611750,16670,200040,220000
180,2024-12-31,0,1000,195000,25000,89460,17750,163110,1250,15000,20000
181,2018-01-10,0,0,87500,25000,0,0,129500,0,0,0
182,2018-01-01,0,0,54050,25000,0,0,160000,0,0,0
183,2024-12-31,0,37500,2337915,25000,0,0,0,0,0,37500
185,2024-12-31,0,31430,915112,25000,0,10770,0,4170,50040,46370
186,2023-09-30,0,0,0,0,0,0,0,0,0,0
187,2024-12-31,0,46370,804355,25000,0,0,0,0,20850,46370
188,2024-12-31,0,147500,2565615,25000,0,0,0,0,120015,147500
189,2024-12-31,0,5000,469200,25000,0,0,0,0,0,5000
190,2024-06-30,1149265,0,1124765,25000,0,0,0,0,0,0
191,2024-12-31,0,5000,306015,25000,0,0,0,0,600,5000
192,2024-12-31,0,500,1496893,25000,0,65165,1783385,8335,91685,74000
193,2024-09-30,0,0,702290,25000,0,0,675750,0,83250,0
194,2024-12-31,0,500,2002215,200000,43665,37000,395865,2500,68520,40000
195,2024-02-29,0,0,919825,25000,0,0,4031191,0,20000,0
196,2023-01-31,0,0,0,0,0,0,0,0,0,0
197,2024-09-30,0,0,2611500,25000,0,0,4906370,0,96670,0
198,2021-10-31,0,0,0,0,0,0,0,0,0,0
199,2018-01-01,0,0,84500,25000,0,0,162000,0,0,0
200,2024-12-31,0,25000,462600,25000,0,0,0,0,13500,25000
201,2022-12-31,0,0,0,0,0,0,0,0,0,0
203,2023-12-31,308495,0,423530,25000,0,0,139535,0,91020,0
204,2024-12-31,0,500,279010,25000,89460,30000,401260,2500,30000,33000
205,2024-05-31,0,0,811970,25000,0,0,1826400,0,20000,0
206,2022-11-30,0,0,0,0,0,0,0,0,0,0
207,2023-05-31,0,0,0,0,0,0,0,0,0,0
208,2024-12-31,0,75000,4611525,25000,0,0,0,0,13340,75000
209,2024-12-31,0,5000,417820,25000,0,37500,200200,2500,28760,45000
212,2024-12-31,0,500,1674460,25000,0,44500,438450,5000,60000,50000
213,2024-12-31,0,40000,787345,25000,0,0,0,0,12160,40000
214,2024-12-31,0,46370,871215,25000,0,0,0,0,25020,46370
215,2024-12-31,0,500,1767560,25000,0,38160,217120,8340,100080,47000
217,2024-12-31,0,120000,5896140,25000,0,0,0,0,0,120000
218,2024-12-31,0,500,1164905,25000,0,51165,715840,8335,100020,60000
219,2024-12-31,0,500,1664670,25000,0,50000,711200,5000,60000,55500
220,2024-12-31,0,500,132000,25000,89460,12000,200360,2500,30000,15000
221,2019-10-30,0,0,236000,25000,0,0,173485,0,0,0
223,2024-12-31,0,15000,1664850,25000,0,0,0,0,0,15000
224,2024-12-31,0,80000,2715540,25000,0,0,0,0,117460,80000
225,2024-12-31,0,58060,1530325,25000,0,40270,0,6670,80040,105000
226,2024-12-31,0,100000,953325,25000,0,0,0,0,50000,100000
228,2022-11-30,0,0,0,0,0,0,0,0,0,0
229,2024-12-31,0,500,1633190,25000,0,4500,643450,5000,60000,10000
230,2018-01-01,0,0,402000,25000,0,0,0,0,0,0
231,2024-12-31,0,1000,1508730,25000,0,100000,955200,10000,120000,111000
232,2024-12-31,0,1000,1943000,25000,0,139000,1888200,10000,80000,150000
233,2024-09-30,0,0,102650,25000,0,0,207175,0,24000,0
234,2024-12-31,0,500,2006690,25000,0,179500,4580805,20000,233335,200000
235,2024-12-31,0,500,1073745,25000,0,73365,397275,7335,88020,81200
236,2024-01-31,543500,0,0,0,0,0,0,0,0,0
237,2024-12-31,0,500,321665,25000,44730,24500,500130,3000,30000,28000
238,2024-12-31,0,500,620180,25000,0,40000,550300,4000,48000,44500
239,2024-12-31,0,500,709450,25000,0,44665,864890,4835,58020,50000
240,2024-12-31,0,500,1486990,25000,0,39500,2487700,10000,120000,50000
241,2024-12-31,0,500,1168770,25000,2000200,48330,1951870,6670,51670,55500
243,2024-12-31,0,500,903600,25000,0,50000,650200,5000,60000,55500
244,2024-12-31,0,3000,561500,25000,0,0,0,0,0,3000
245,2024-12-31,0,500,470460,25000,0,23130,518535,6370,76440,30000
246,2024-12-31,0,500,539500,25000,0,35330,504130,4170,50040,40000
247,2024-12-31,0,500,285980,25000,0,46500,286604,3000,36000,50000
249,2024-06-30,46375,0,124500,25000,0,0,102625,0,19125,0
250,2024-11-30,585625,0,702445,25000,111292.5,0,111292.5,0,6670,0
251,2024-12-31,0,10028,584678,25000,0,47899,0,6360,72560,64287
252,2024-12-31,0,500,249500,25000,0,19500,355205,2500,30000,22500
253,2024-12-31,0,500,551190,25000,0,36165,619375,3335,31675,40000
254,2024-12-31,0,5000,1526041,25000,133125,62917,70208,0,10000,67917
255,2024-12-31,0,25000,2248985,25000,0,0,0,0,0,25000
256,2023-07-31,0,0,0,0,0,0,0,0,0,0
259,2024-12-31,0,1000,1808705,25000,3000200,89000,2911200,10000,110020,100000
260,2024-12-21,0,1500,645230,25000,133125,310495,490520,13005,52020,0
261,2024-09-30,0,0,496960,25000,0,0,105752,0,37530,0
262,2024-12-31,0,55250,2436140,25000,0,26415,0,8335,100020,90000
263,2024-12-31,0,500,382150,25000,0,16060,180920,3440,41280,20000
264,2024-12-31,0,75000,2329300,25000,0,0,0,0,13340,75000
265,2018-01-01,0,0,82000,25000,0,0,0,0,0,0
266,2024-12-31,0,500,384495,25000,0,26165,67580,3335,40020,30000
267,2024-12-31,0,2000,320700,25000,0,40000,520200,3000,36000,45000
268,2024-12-31,0,5000,1985950,25000,0,70000,1080200,5000,30000,80000
269,2024-12-31,0,20000,1074800,25000,200753,76000,640953,4000,40000,100000
270,2024-12-31,0,66500,1594440,25000,0,0,0,0,12000,66500
271,2024-12-31,0,28000,722420,25000,0,0,0,0,37530,28000
272,2024-12-31,0,50000,1742285,255000,0,0,0,0,16920,50000
273,2024-12-31,0,100000,841540,25000,0,20215,0,3335,33350,100000
274,2024-12-31,0,500,770590,25000,0,39500,1108165,5000,64765,45000
275,2024-01-31,308490,0,0,0,0,0,0,0,0,0
276,2024-12-31,0,500,1272345,25000,1000200,41700,958500,4170,37530,46370
277,2024-12-31,0,42000,541750,25000,0,0,0,0,37500,42000
278,2024-12-31,0,1000,1043265,25000,178920,139000,1703160,10000,120000,150000
279,2024-12-31,0,5000,1063423,25000,133125,41370,91755,0,0,46370
280,2024-12-31,0,42000,1927422,25000,0,0,0,0,0,42000
281,2024-12-31,0,92500,2281155,25000,0,0,0,0,0,92500
282,2018-01-01,0,0,515000,25000,0,0,0,0,0,0
283,2024-12-31,0,500,477991,25000,0,45330,138930,4170,50040,50000
285,2024-12-31,0,1000,356197,25000,103305,41667,503503,3250,34500,45917
287,2024-12-31,0,500,738050,25000,0,53390,1213960,11110,133320,65000
288,2024-12-31,0,500,235717,25000,383325,40917,409859,6500,78000,47917
289,2024-12-31,0,500,920900,25000,0,63370,569430,6330,82290,70200
291,2024-12-31,0,5000,329380,25000,133125,43000,404325,2000,15250,50000
292,2024-12-31,0,1000,1381945,25000,0,100000,451200,10000,120000,111000
293,2024-09-30,940928,0,916428,25000,0,0,0,0,13755,0
294,2024-12-31,0,6000,1016122,25000,0,67330,1251100,6670,80040,80000
295,2024-12-31,0,1000,1208445,25000,21832.5,9000,12832.5,0,0,10000
296,2024-08-31,45876,0,338040,25000,0,0,316664,0,24160,0
297,2024-12-31,0,74000,2966720,25000,0,0,0,0,0,74000
298,2024-12-31,0,500,1345530,25000,0,72830,1282100,6670,76700,80000
299,2024-12-31,0,5000,134090,25000,0,0,0,0,0,5000
300,2022-06-30,0,0,895014,25000,0,0,1277230,0,38050,0
301,2024-12-31,0,500,984500,25000,0,52830,269755,6670,80040,60000
303,2024-12-31,0,500,704822,25000,0,43665,525674,4335,52020,48500
305,2018-01-01,0,0,322815,25000,0,0,18965,0,0,0
306,2024-12-31,0,140000,3545346,25000,0,0,0,0,133360,140000
307,2024-12-31,0,500,1527690,25000,0,53500,2893200,10000,57020,65000
308,2024-12-31,0,500,1337200,25000,0,79995,289745,12005,144060,92500
309,2019-04-30,0,0,569190,25000,0,0,452430,0,0,0
310,2023-11-30,0,0,0,0,0,0,0,0,0,0
311,2024-12-31,0,500,1116185,25000,0,42830,458320,6670,80040,50000
312,2024-09-30,0,0,1379490,25000,200200,0,330500,0,16875,0
313,2024-12-31,0,2000,1047794,25000,133125,91665,1849995,6335,78325,100000
314,2024-06-30,0,0,943601,25000,0,0,32200,0,12000,0
316,2018-01-01,0,0,454780,25000,0,0,0,0,0,0
317,2024-12-31,0,500,203610,25000,0,19500,205075,2000,24500,22000
318,2023-04-30,0,0,0,0,0,0,0,0,0,0
319,2024-12-31,0,500,220350,25000,0,15870,43840,3630,43560,20000
320,2024-12-31,0,500,302505,25000,0,16500,292100,3000,36000,20000
321,2024-12-31,0,500,1404580,25000,0,67000,1425172,13000,156000,80500
322,2019-01-31,0,0,188220,25000,0,0,100200,0,0,0
324,2024-12-31,0,10000,1549895,25000,0,100000,2075200,10000,105650,120000
325,2024-12-31,0,37200,2026085,25000,0,0,0,0,20010,37200
326,2024-12-31,0,50000,650150,25000,0,0,0,0,5000,50000
327,2024-12-31,0,200000,2576760,25000,0,0,0,0,40000,20000
328,2024-12-31,0,500,770250,25000,0,29500,290700,5000,60000,35000
329,2022-05-09,0,0,23190,25000,0,0,63230,0,1260,0
330,2024-12-31,0,20000,1617270,25000,0,171665,440220,8335,100020,200000
332,2024-12-31,0,44500,2361580,25000,0,0,0,0,13340,44500
333,2024-12-31,0,500,3985717,25000,0,129500,5741200,20000,109960,150000
334,2024-12-31,0,500,862310,25000,1757765,65830,1691935,5670,68040,72000
336,2024-05-31,2064125,0,0,0,0,0,0,0,0,0
337,2024-12-31,0,500,143090,25000,0,8560,18710,940,11280,10000
338,2024-12-31,0,500,431625,25000,0,26500,94200,1000,28500,28000
339,2021-01-31,0,0,315875,25000,0,0,816804,0,0,0
340,2024-12-31,0,500,724255,25000,0,44500,1366700,5000,35850,50000
341,2024-12-31,0,500,1364895,25000,0,65165,2369870,8335,82685,74000
342,2024-12-31,0,500,1725895,25000,0,66830,1043110,6670,80040,74000
343,2024-12-31,0,5000,573231,25000,124605,42917,97929,0,31710,47917
344,2024-12-31,0,60000,1274860,25000,0,0,0,0,73370,60000
345,2024-12-31,0,500,258735,25000,0,44292,318867,3125,38750,47917
346,2024-12-31,0,500,55910,25000,0,4000,193898,500,6000,5000
347,2024-12-31,0,15000,693640,25000,0,0,0,0,8750,15000
348,2024-12-31,0,5000,1995550,200000,0,188330,1623540,6670,17340,100000
349,2024-12-31,0,500,1866820,25000,0,126830,2307240,12670,152040,140000
350,2024-12-31,0,330,527190,25000,0,15500,247700,4170,50040,20000
351,2024-12-31,0,500,1197210,25000,0,50000,510700,5000,60000,55500
352,2024-11-27,0,500,1374925,25000,0,83665,1663550,8335,83350,92500
354,2024-12-31,0,500,1153675,25000,0,59330,1762880,6670,73370,66500
356,2024-12-31,0,3000,482300,25000,0,45040,499300,3960,45600,52000
357,2023-05-31,0,0,0,0,0,0,0,0,0,0
359,2023-01-31,0,0,0,0,0,0,0,0,0,0
360,2018-01-01,0,0,290810,25000,0,0,355360,0,0,0
361,2024-12-31,0,500,1026765,25000,0,52830,419640,6670,80040,60000
362,2020-12-31,0,0,222915,25000,0,0,232098,0,0,0
363,2024-03-31,524300,0,0,0,0,0,0,0,0,0
364,2024-12-31,0,500,654175,25000,0,54500,1074200,5000,56000,60000
365,2024-12-31,0,20000,1066325,25000,0,0,0,0,12000,20000
366,2024-12-31,0,1000,711625,25000,118215,46080,467015,2920,31700,50000
367,2024-09-30,0,0,436080,25000,0,0,197530,0,30015,0
368,2023-04-30,0,0,2006190,25000,0,0,0,0,13340,0
369,2024-12-31,0,500,1923815,25000,153999,133365,1809064,13335,160020,147200
371,2024-12-31,0,500,1279300,25000,0,43200,128370,4170,50040,47870
374,2024-12-31,0,500,1032580,25000,202172,83807,292399,8610,103320,92917
375,2024-12-31,0,500,1422815,25000,0,35830,380430,4170,50040,40500
377,2024-12-31,0,0,138000,25000,0,2120,378332,2880,32560,5000
378,2024-12-31,0,500,1227460,25000,0,30030,1069270,6670,80040,37200
379,2024-12-31,0,500,270950,25000,0,13560,41720,940,14645,15000
380,2022-11-30,0,0,0,0,0,0,0,0,0,0
381,2024-12-31,0,5000,1139368,25000,243459,51917,191542,0,14180,56917
382,2018-01-01,0,0,151000,25000,0,0,0,0,0,0
383,2024-12-31,0,500,633491,25000,0,20765,52910,3335,40020,24600
384,2024-12-31,0,500,675775,25000,0,49375,547195,5625,61875,55500
385,2019-11-30,0,0,212050,25000,0,0,321100,0,0,0
386,2024-12-31,0,500,1174515,25000,1000200,58660,1863270,10840,84210,70000
387,2024-12-31,0,52000,1435580,25000,0,0,0,0,56040,52000
388,2024-12-31,0,500,202060,25000,0,17750,50400,1750,21000,20000
390,2024-12-31,0,10000,1072110,25000,0,73330,1780210,6670,50010,90000
391,2024-12-31,0,10000,1509960,25000,0,0,0,0,0,10000
392,2024-12-31,0,500,239990,25000,0,12000,32200,2500,30000,15000
393,2024-12-31,0,50000,597470,25000,0,0,0,0,21000,50000
394,2018-01-01,0,0,236050,25000,0,0,297850,0,0,0
395,2024-12-31,0,10000,1478370,25000,0,85000,140200,5000,60000,100000
397,2019-06-30,0,0,426920,25000,0,0,137438,0,0,0
398,2024-12-31,0,500,1070610,25000,0,66500,1977620,7000,110700,74000
399,2018-12-31,0,0,175500,25000,0,0,0,0,0,0
400,2021-03-31,0,0,295810,25000,0,0,0,0,0,0
401,2024-12-31,0,20000,1666530,25000,0,123330,826900,6670,66700,150000
402,2018-01-01, ,0,223500,25000,0,0,136000,0,0,0
403,2024-09-30,0,0,708185,25000,0,0,904210,4170,20510,0
404,2024-12-31,0,500,674190,25000,0,45165,667890,4335,52020,50000
405,2024-09-30,0,0,2101870,25000,0,0,0,0,0,0
406,2024-12-31,0,500,428500,25000,0,29180,164180,2920,35040,32600
408,2024-12-31,0,1000,150750,25000,150200,18000,224100,1000,12000,20000
409,2024-12-31,0,500,383670,25000,0,36785,223895,4085,43020,41370
410,2018-01-01,0,0,139500,25000,0,0,264000,0,0,0
411,2023-06-30,0,0,0,0,0,0,0,0,0,0
412,2024-03-31,752380,0,0,0,0,0,0,0,0,0
413,2024-12-31,0,500,1269080,25000,0,31165,2282045,8335,58345,40000
414,2024-12-31,0,28000,656560,25000,0,0,0,0,16675,28000
415,2024-12-31,0,500,493635,25000,0,37750,215050,3750,45000,42000
416,2024-12-31,0,500,718290,25000,0,38830,856580,4670,56040,44000
417,2024-12-31,0,500,932950,25000,300200,32620,675980,6880,61880,40000
418,2024-09-30,0,0,984079,25000,0,0,516900,0,48015,0
419,2024-12-31,0,500,917450,25000,0,67830,649650,6670,80040,75000
421,2024-12-31,0,500,1109250,25000,0,42830,829840,6670,80040,50000
422,2019-05-31,0,0,166620,25000,0,0,174800,0,0,0
423,2024-12-31,0,10000,1151500,25000,0,14000,79700,1000,9000,25000
424,2024-12-31,0,5000,1710940,25000,0,90000,1230200,5000,15000,100000
425,2024-12-31,0,100000,1434515,25000,0,0,0,0,20000,100000
426,2024-12-31,0,500,888500,25000,0,68830,1004077,5670,68040,75000
427,2024-12-31,0,44500,3358210,25000,0,0,0,0,0,44500
428,2024-12-31,0,500,692380,25000,0,40000,660200,4000,48000,44500
429,2024-12-31,0,500,880380,25000,0,45500,1018200,4000,36010,50000
430,2024-12-31,0,500,425388,25000,0,29250,724700,3750,42510,33500
431,2024-09-30,647776,0,623276,25000,0,0,0,0,45880,0
432,2024-12-31,0,1000,1068270,25000,0,66330,1333560,6670,46690,74000
433,2024-12-31,0,500,431820,25000,0,21165,173740,3335,40020,25000
434,2024-12-31,0,500,553485,25000,0,39390,264580,5110,61320,45000
436,2024-12-31,0,500,526820,25000,44730,28417,109626,2500,30000,31417
438,2023-11-30,0,0,0,0,0,0,0,0,0,0
439,2024-12-31,0,75000,4364005,25000,0,0,0,0,0,75000
441,2022-02-28,0,0,0,0,0,0,0,0,0,0
442,2024-12-31,0,500,381567,25000,43665,44417,379051,3000,33000,47917
443,2024-12-31,0,500,1879235,25000,0,40000,749700,4000,48000,44500
444,2024-12-31,0,20000,2007977,25000,200200,69000,131200,1000,61480,90000
446,2024-12-31,0,500,2088830,25000,4000200,60165,3940035,13335,73365,74000
447,2024-09-30,0,0,280685,25000,0,0,550200,0,22500,0
448,2021-07-08,0,0,0,0,0,0,0,0,0,0
449,2024-09-30,0,0,188450,25000,0,0,294970,0,18170,0
450,2024-12-31,0,30000,2907470,25000,0,0,0,0,0,30000
451,2024-12-31,0,500,1012920,25000,0,66830,697600,6670,80040,74000
452,2018-01-01,0,0,42500,25000,0,0,61750,0,0,0
453,2018-01-01,0,0,1693250,25000,0,0,1963799,0,0,0
456,2024-09-30,0,0,89600,25000,0,0,156345,0,11825,0
457,2024-12-31,0,500,407785,25000,0,41165,635540,3335,13340,45000
458,2018-01-01,0,0,158000,25000,0,0,343100,0,0,0
459,2018-01-01,0,0,77890,25000,0,0,0,0,0,0
460,2024-12-31,0,1000,1436113,25000,111292.5,90665,1795507,8335,75015,100000
461,2024-12-31,0,500,851180,25000,0,40870,1418460,5000,35020,46370
462,2024-12-31,0,46370,1859580,25000,0,0,0,0,29190,46370
463,2024-12-31,0,15000,337925,25000,0,0,0,0,11250,15000
465,2024-12-31,0,1000,515890,25000,800200,35665,764535,3335,40020,40000
466,2024-12-31,0,500,458045,25000,154302,8250,257202,1250,15000,10000
467,2024-12-31,0,500,2816770,25000,0,137835,3507635,21665,259980,160000
469,2023-05-31,0,0,0,0,0,0,0,0,0,0
470,2018-01-01,0,0,99000,25000,0,0,155750,0,0,0
471,2024-12-31,0,500,979490,25000,0,45330,909540,4170,30840,50000
472,2023-03-31,0,0,0,0,0,0,0,0,0,0
473,2024-01-31,616790,0,0,0,0,0,0,0,0,0
474,2018-01-01,0,0,159750,25000,0,0,222600,0,0,0
475,2024-12-31,0,500,1115590,25000,0,66830,1387160,6670,66700,74000
476,2024-10-31,2499695,0,2475195,25000,0,0,0,0,20010,0
477,2024-12-31,0,70000,2044610,25000,0,0,0,0,25000,70000
478,2024-12-21,0,40000,1076440,25000,32269.5,351665,1236994.5,8335,33340,400000
479,2024-12-20,0,2000,259496,25000,0,33000,90000,5000,27500,40000
480,2024-12-31,0,50000,575000,25000,0,0,0,0,0,50000
481,2024-12-31,0,50000,3964030,25000,0,0,0,0,0,50000
482,2024-12-31,0,1000,3852000,25000,5000200,82330,4917870,16670,106670,100000
483,2024-05-31,1050820,0,1026820,25000,0,0,0,0,0,0
485,2023-11-30,0,0,0,0,0,0,0,0,0,0
486,2024-12-31,0,500,753430,25000,0,50000,300200,5000,60000,55500
488,2024-12-31,0,500,620870,25000,0,58417,438346,4000,49020,62917
489,2024-08-31,1149335,0,1124835,25000,0,0,0,0,10000,0
490,2024-09-30,0,0,137250,25000,24282,0,276947,0,20000,0
491,2024-12-31,0,500,402417,25000,143562,16540,541852,4960,59520,22000
493,2024-12-31,0,40000,1520700,25000,0,0,0,0,20010,40000
494,2024-01-31,6371035,0,0,0,0,0,0,0,0,0
495,2024-12-31,0,500,263710,25000,0,27000,155850,2500,30000,30000
496,2024-12-31,0,99720,539250,25000,1000200,85480,962870,4170,45420,42000
497,2022-05-31,0,0,33100,0,0,0,0,0,0,0
498,2024-12-31,0,500,1563390,25000,133125,74582,2377252,16835,202020,91917
499,2024-12-31,0,1060,441185,25000,0,32805,0,3335,40020,37200
500,2018-06-30,0,0,680419,25000,0,0,741200,0,0,0
501,2024-04-30,0,0,358885,25000,0,0,313200,0,12500,0
502,2018-01-01,0,0,327600,25000,0,0,51900,0,0,0
503,2024-12-31,0,50000,1661670,25000,0,0,0,0,25020,50000
504,2024-12-31,0,500,664305,25000,100200,45330,859510,4170,33365,50000
505,2024-12-31,0,500,312550,25000,0,26375,19875,6625,79500,33500
506,2024-12-31,0,5000,725460,25000,0,0,0,0,0,5000
507,2021-02-05,0,0,172000,25000,0,0,0,0,0,0
508,2024-12-31,0,500,187210,25000,0,19935,240460,1565,20260,22000
509,2024-12-31,0,0,576320,25000,0,1665,686910,3335,21010,5000
510,2024-12-31,0,500,292880,25000,0,22500,273100,2000,24000,25000
511,2024-12-31,0,30100,873730,25000,0,61900,0,8000,96000,100000
512,2024-12-31,0,500,506300,25000,250200,45500,299000,4000,48000,50000
513,2024-12-31,0,5000,4102470,25000,0,125805,1030145,19195,230340,150000
514,2024-12-31,0,10000,597530,25000,0,0,0,0,0,10000
515,2024-12-31,0,500,650440,25000,0,45500,108200,4000,48000,50000
516,2024-12-31,0,500,1000980,25000,0,68330,638270,6670,80040,75500
517,2024-01-31,0,0,1289850,25000,0,0,68680,0,4170,0
518,2024-12-23,0,10000,1907810,25000,0,101665,935895,8335,100020,120000
522,2024-12-31,0,5000,3284550,25000,0,135000,592200,10000,120000,150000
523,2024-12-31,0,500,2707790,25000,0,38330,5039220,16670,130020,55500
524,2024-12-31,0,500,319480,25000,0,24500,494315,3000,32500,28000
525,2024-12-31,0,500,98500,25000,0,7250,29500,2250,27000,10000
526,2022-10-31,0,0,0,0,0,0,0,0,0,0
527,2024-12-31,0,0,188500,25000,0,5500,281960,2500,30000,8000
528,2021-01-31,0,0,293650,25000,0,0,572800,0,0,0
529,2024-12-31,0,500,550715,25000,0,25330,645580,4170,50040,30000
530,2024-12-31,0,20000,480240,25000,0,0,0,0,20440,20000
531,2024-12-31,0,500,147215,25000,111292.5,18560,174532.5,3440,41280,22500
532,2024-12-31,0,500,653295,25000,0,45330,259590,4170,50040,50000
533,2024-12-31,0,10000,989815,25000,0,0,0,0,4170,10000
535,2024-12-31,0,500,165595,25000,0,22935,111615,1565,18780,25000
538,2024-12-31,0,500,3170900,25000,0,42830,1400580,6670,80040,50000
539,2024-12-31,0,500,1168950,25000,0,41870,195320,4000,48000,46370
540,2024-12-31,0,500,830780,25000,0,31700,1436800,5000,40015,37200
541,2024-12-31,0,500,646290,25000,0,16830,838915,7670,92040,25000
542,2024-12-31,0,1000,3725090,25000,0,468330,2539560,16670,133360,186000
543,2024-12-31,0,500,878635,25000,0,56830,727150,5670,68040,63000
544,2024-12-31,0,25000,1788550,25000,0,0,0,0,3750,25000
545,2024-12-31,0,500,852780,25000,0,42830,1571900,6670,66700,50000
546,2024-07-31,0,0,318743,25000,0,0,365284,0,31325,0
548,2024-12-31,0,500,1259565,25000,0,46165,2177045,8335,70345,55000
549,2018-01-01,0,0,25000,-,0,0,150000,0,0,0
550,2024-12-31,0,330,1144140,25000,0,23000,953800,6670,80040,30000
551,2024-12-31,0,500,198740,25000,0,20000,300200,2000,21280,22500
552,2024-12-31,0,500,818325,25000,0,3850,1514220,10650,127800,15000
553,2022-08-31,0,0,0,0,0,0,0,0,0,0
554,2024-12-31,0,500,378010,25000,700200,33780,666420,2920,32120,37200
556,2022-05-31,0,0,458080,25000,0,0,162420,0,0,0
557,2023-12-12,668370,0,544855,25000,0,0,0,0,0,0
558,2022-10-26,0,0,376960,25000,0,0,1087030,0,5340,0
559,2024-12-31,0,11770,1393010,25000,0,68350,0,9880,113400,90000
560,2022-07-14,0,0,574000,25000,0,0,1154700,0,4000,0
561,2024-12-31,0,5000,1029100,25000,0,64000,298200,6000,72000,75000
562,2024-12-31,0,55000,1196410,25000,0,0,0,0,17500,55000
563,2024-12-31,0,46370,759845,25000,0,0,0,0,45870,46370
564,2024-09-30,0,0,1089400,25000,0,0,823220,0,75060,0
565,2024-12-31,0,5000,814190,25000,0,95330,1018880,4670,43400,105000
566,2024-12-31,0,500,580915,25000,0,23165,599977,6335,76020,30000
567,2023-04-30,0,0,963740,25000,0,0,798200,0,20000,0
568,2024-12-31,0,20000,601505,25000,229598,174830,552848,5170,56100,200000
569,2024-12-31,0,50000,1216870,25000,0,0,0,0,0,50000
570,2024-12-31,0,500,1025460,25000,950200,67730,1904790,6770,81240,75000
571,2024-12-31,0,500,2682980,25000,0,35500,5203200,19000,209000,55000
572,2024-12-31,0,10000,161460,25000,0,0,0,0,7500,10000
574,2024-12-31,0,33500,945715,25000,0,0,0,0,9400,33500
576,2018-03-31,0,0,359340,25000,0,0,356820,0,0,0
577,2024-12-31,0,500,556810,25000,0,51877,699322,5540,58020,57917
578,2024-12-31,0,500,1348960,25000,0,61500,577700,5000,60000,67000
579,2024-12-31,0,500,930815,25000,111292.5,60000,824492,6000,72000,66500
580,2019-12-31,0,0,238390,25000,0,0,519200,0,0,0
581,2024-12-31,0,5000,466240,25000,0,0,0,0,0,5000
582,2024-12-31,0,15000,220525,25000,0,0,0,0,13195,15000
583,2024-12-31,0,10000,3457680,25000,134190,64000,70190,0,6670,74000
584,2024-09-30,0,0,1018505,25000,0,0,1415195,0,42030,0
585,2024-12-31,0,500,733800,25000,0,84500,427148,5000,60000,90000
586,2024-12-31,0,500,428880,25000,0,31080,35360,2920,35040,35000
587,2018-01-01,0,0,198700,25000,0,0,18060,0,0,0
588,2024-12-31,0,500,488735,25000,0,41700,916880,4170,50040,46370
589,2024-12-31,0,20000,553850,25000,0,0,0,0,16000,20000
590,2024-12-31,0,500,660545,25000,1000200,5330,994870,4170,7295,10000
591,2024-12-31,0,500,552215,25000,0,45330,546900,4170,41700,50000
592,2024-12-31,0,500,457110,25000,0,45330,511570,4170,45870,50000
593,2024-12-31,0,500,289720,25000,0,19600,286600,2500,30000,22600
594,2024-12-31,0,27000,871110,25000,0,0,0,0,7500,27000
596,2024-12-31,0,5000,1359980,25000,0,73330,313610,6670,80040,85000
597,2018-01-01,0,0,394500,25000,0,0,164320,0,0,0
598,2024-12-31,0,500,1964445,25000,0,58830,1126900,5670,56700,65000
599,2024-12-31,0,28000,278820,25000,0,0,0,0,20000,28000
600,2024-12-31,0,500,841193,25000,0,56830,1048640,5670,68040,63000
601,2024-12-31,0,500,922790,25000,0,43500,1539200,6000,37250,50000
602,2022-12-31,0,0,0,0,0,0,0,0,0,0
603,2018-01-01,0,0,155500,25000,0,0,89040,0,0,0
604,2024-12-31,0,20500,133630,25000,0,0,0,0,17215,20500
605,2024-12-31,0,500,273550,25000,494930,27250,467680,2250,39290,30000
606,2024-12-31,0,500,1379547,25000,2660200,39082,2621118,8335,36335,47917
607,2024-12-31,0,10000,1709390,25000,0,100000,1600200,10000,120000,120000
608,2021-05-31,0,0,0,0,0,0,0,0,0,0
610,2024-12-31,0,90000,2301658,25000,0,0,0,0,30000,90000
611,2024-12-31,0,500,821935,25000,0,21830,1356540,4670,46870,27000
612,2024-09-30,0,0,895755,25000,0,0,1709200,0,42000,0
613,2024-12-31,0,30000,1055725,25000,0,0,0,0,0,30000
614,2024-09-30,0,0,1844739,25000,0,0,3267540,0,23340,0
615,2024-12-31,0,330,538310,25000,0,20500,279900,4170,50040,25000
616,2024-12-31,0,500,518110,25000,0,7830,139380,1670,13155,10000
617,2024-09-30,0,0,530425,25000,0,0,675205,0,21255,0
618,2023-11-30,0,0,0,0,0,0,0,0,0,0
619,2022-12-31,0,0,0,0,0,0,0,0,0,0
620,2024-12-31,0,500,534200,25000,178920,19500,742445,5000,60000,25000
621,2024-12-31,0,500,295620,25000,0,12500,300200,2000,16000,15000
624,2024-12-31,0,47917,680003,25000,0,0,0,0,21875,47917
625,2024-12-31,0,500,161960,25000,0,16750,217520,1750,21000,19000
626,2024-12-31,0,500,552335,25000,0,45330,546900,4170,41700,50000
627,2024-12-31,0,5000,588637,25000,89460,56717,32743,0,61580,61717
628,2024-12-31,0,500,446115,25000,111292.5,12935,219207.5,1565,17215,15000
629,2024-12-31,0,2000,496685,25000,54102,53110,879165,4890,58680,60000
630,2024-12-31,0,1000,1132090,25000,0,79865,699985,11335,136020,92200
631,2024-12-31,0,0,174490,25000,44730,1200,103670,800,9600,2000
632,2024-12-31,0,1000,611192,25000,1100200,54415,1143428,4585,41085,60000
633,2018-01-01,0,0,86500,25000,0,0,171500,0,0,0
634,2024-05-31,1038420,0,0,0,0,0,0,0,0,0
635,2024-12-31,0,500,1035230,25000,0,54500,441185,5000,60000,60000
636,2024-12-31,0,500,1122170,25000,0,50330,893750,4670,56040,55500
637,2024-09-30,0,0,112890,25000,0,0,185435,0,12825,0
638,2024-12-31,0,1000,776828,25000,0,23060,10800,940,11280,25000
639,2023-05-31,0,0,243680,25000,0,0,226400,0,15000,0
640,2024-12-31,0,500,526760,25000,200200,3500,196700,1000,1750,5000
641,2024-12-31,0,46000,564910,25000,0,0,0,0,45870,46000
642,2021-07-31,0,0,241330,25000,0,0,318280,0,0,0
644,2024-12-31,0,1000,1428825,25000,0,67330,586270,6670,80040,75000
645,2022-08-31,0,0,0,0,0,0,0,0,0,0
646,2024-12-31,0,20000,2046320,25000,0,0,0,0,0,20000
647,2023-01-31,0,0,201490,25000,0,0,332080,0,2940,0
648,2024-12-31,0,30000,339320,25000,0,0,0,0,12000,30000
649,2024-12-31,0,1000,492390,25000,100200,18375,81825,625,625,20000
651,2024-12-31,0,6000,2319150,25000,0,86705,615430,7295,83790,100000
652,2024-12-31,0,500,529225,25000,0,22080,659095,7420,89040,30000
653,2024-12-31,0,500,1255540,25000,0,25000,350200,2500,22500,28000
654,2024-12-31,0,1000,217040,25000,100200,20875,79325,625,22625,22500
655,2024-12-31,0,32917,427942,25000,0,0,0,0,12100,32917
656,2024-12-31,0,500,699320,25000,0,45330,641190,4170,33360,50000
657,2024-12-31,0,500,484240,25000,0,41700,289660,4170,50040,46370
658,2023-07-31,0,0,0,0,0,0,0,0,0,0
659,2024-12-31,0,1000,1327020,25000,0,64665,2306205,8335,78365,74000
660,2024-12-31,0,500,336960,25000,600200,16500,583700,3000,16680,20000
661,2024-12-31,0,500,501620,25000,200752.5,26915,812547,3335,48095,30750
662,2024-12-31,0,500,496895,25000,0,30000,180200,3000,36000,33500
663,2024-11-30,0,0,1936970,25000,0,0,945700,0,110000,0
664,2024-12-31,0,10000,1278480,25000,128865,137080,554905,2920,42020,150000
665,2024-12-31,0,500,526370,25000,0,41700,583200,4170,50040,46370
666,2022-04-30,0,0,0,0,0,0,0,0,0,0
667,2018-01-01,0,0,548987,25000,0,0,543110,0,0,0
668,2024-12-31,0,500,496725,25000,0,41700,643270,4170,37530,46370
669,2024-12-31,0,500,747400,25000,178920,61477,751976,5940,71280,67917
670,2024-12-31,0,500,383220,25000,0,33365,257395,3335,40020,37200
671,2024-12-31,0,500,255890,25000,0,17000,249097,2500,30000,20000
673,2024-12-31,0,10000,1199085,25000,0,0,0,0,0,10000
674,2024-12-31,0,500,235010,25000,0,27000,129400,2500,30000,30000
675,2024-12-31,0,500,705575,25000,111292.5,60330,713227,4170,50040,65000
676,2024-12-31,0,500,716475,25000,0,34500,847310,5000,60000,40000
677,2024-05-31,0,0,1386640,25000,0,0,2566505,0,38005,0
678,2024-12-31,0,1000,655511,25000,149419.5,67917,1052951,4000,68000,72917
682,2024-12-31,0,500,2213025,25000,0,66830,59300,6670,80040,74000
683,2024-12-31,0,28000,2320221,25000,0,0,0,0,0,28000
684,2024-12-31,0,50000,784265,25000,0,0,0,0,16675,50000
685,2024-12-31,0,500,74500,25000,44730,21417,159741,1000,12000,22917
686,2024-12-31,0,500,1368665,25000,133125,4500,1660825,5000,60000,10000
687,2024-12-31,0,500,481910,25000,89460,25330,159990,4170,50040,30000
688,2024-12-31,0,500,2690200,25000,0,133365,980005,13335,160020,147200
689,2024-12-31,0,500,974365,25000,0,72830,1563220,6670,55020,80000
690,2023-12-31,27135,0,0,0,0,0,0,0,0,0
691,2024-12-31,0,500,1002010,25000,0,50000,131200,5000,60000,55500
692,2024-12-31,0,1000,489370,25000,121730,36080,575630,2920,22960,40000
693,2024-12-31,0,5000,477220,25000,111292.5,41040,491732,3960,47520,50000
694,2024-12-31,0,500,2045582,25000,0,63500,2555700,10000,103350,74000
695,2024-12-31,0,5000,928180,25000,0,0,0,0,0,5000
696,2024-12-31,0,60000,2228510,25000,0,0,0,0,66680,60000
697,2018-01-01,0,0,151670,25000,0,0,0,0,0,0
698,2024-12-31,0,500,338490,25000,0,16140,597000,5360,64320,22000
699,2023-05-31,0,0,0,0,0,0,0,0,0,0
700,2024-12-31,0,500,371925,25000,0,27300,299820,4800,57600,32600
701,2018-01-01,0,0,15000,25000,0,0,992440,0,0,0
702,2024-12-31,0,10000,1653950,25000,111292.5,120500,2790992,10000,64020,120000
703,2020-07-31,0,0,698480,25000,0,0,560560,0,0,0
704,2024-12-31,0,10000,469230,25000,0,0,0,0,0,10000
705,2018-01-01,0,0,56000,25000,0,0,0,0,0,0
706,2024-12-31,0,5000,177946,25000,121729.5,30867,248661.5,1000,12750,36867
707,2024-12-31,0,50000,2677680,25000,0,0,0,0,0,50000
708,2019-04-10,0,0,40500,25000,0,0,53750,0,0,0
709,2024-12-03,0,1000,527203,25000,32269.5,110665,1521385.5,8335,33340,220000
710,2024-12-31,0,500,569080,25000,0,35330,505580,4170,50040,40000
711,2023-12-11,41000,14000,592,0,0,0,0,0,0,0
712,2024-12-31,0,10000,456190,25000,0,86665,320710,3335,42510,100000
713,2024-12-31,0,15000,1560805,25000,0,0,0,0,50040,15000
714,2024-12-31,0,500,512665,25000,79342.5,45330,560582.5,4170,50040,50000
715,2024-10-31,527465,0,20000,0,0,0,0,0,1260,0
716,2023-04-30,0,0,0,0,0,0,10000,0,0,0
717,2024-12-31,0,28000,1598760,25000,0,0,0,0,0,28000
718,2024-07-31,0,0,455060,25000,0,0,0,0,2920,0
719,2024-12-31,0,36606,655096,25000,31311,31311,0,0,45760,67917
720,2024-12-31,0,330,727115,25000,0,10500,968700,4170,19180,15000
721,2024-12-31,0,33600,729775,25000,0,0,0,0,13340,33600
722,2024-12-31,0,37200,531425,25000,0,0,0,0,30015,37200
723,2024-12-31,0,5000,583975,25000,0,80415,193450,4585,55020,90000
724,2024-12-31,0,500,746500,25000,65497.5,52417,622053.5,5000,60000,57917
725,2024-12-31,0,500,1104900,25000,0,66830,126130,6670,80040,74000
727,2024-12-31,0,500,478300,25000,21832.5,25000,385952.5,2500,30000,28000
728,2024-12-31,0,500,750361,25000,0,40870,1091500,5000,50000,46370
729,2024-12-31,0,500,312450,25000,0,30000,540200,3000,36000,33500
732,2024-12-31,0,500,1237703,25000,0,91165,902240,8335,100020,100000
733,2024-12-31,0,500,246800,25000,0,4000,472200,2500,17500,7000
735,2021-02-28,0,0,247450,25000,0,0,380200,0,0,0
736,2024-12-31,0,100000,4690300,25000,0,0,0,0,10220,100000
737,2018-01-01,0,0,904850,25000,0,0,979730,0,0,0
738,2024-12-31,0,20000,1105690,25000,0,0,0,0,0,20000
739,2024-12-31,0,1000,335881,25000,200752.5,49000,151752.5,0,48700,50000
740,2024-12-31,0,5000,306776,25000,0,31617,373732,2500,26000,39117
741,2022-09-30,0,0,751110,25000,0,0,1265900,0,0,0
742,2024-05-31,0,0,56830,25000,0,0,72820,0,6500,0
743,2024-12-31,0,500,344805,25000,66562.5,29180,111642.5,2920,35040,32600
744,2024-12-31,0,1000,619427,25000,243459,50000,193459,0,41700,51000
745,2024-12-31,0,500,1065990,25000,0,37330,1066900,6670,80040,44500
746,2024-12-31,0,20622,746564,25000,43665,43665,0,0,53360,64287
747,2018-09-30,0,0,46560,25000,0,0,56250,0,0,0
748,2024-12-31,0,27890,524625,25000,0,17940,0,4170,50040,50000
749,2024-12-31,0,1000,1472195,25000,222585,100000,1273285,10000,120000,111000
750,2024-12-31,0,500,463357,25000,0,45540,248180,3960,47520,50000
751,2024-12-31,0,0,885795,25000,0,1000,1495200,5000,25000,6000
752,2024-12-31,0,1000,338865,25000,200200,26000,174200,1000,18500,28000
753,2024-12-31,0,20000,238900,25000,0,0,0,0,22000,20000
754,2024-12-31,0,5000,817985,25000,0,50000,900150,5000,60000,60000
755,2024-12-31,0,500,1033900,25000,0,47830,956110,6670,80040,55000
756,2018-01-01,0,0,991700,25000,0,0,1559340,0,0,0
758,2024-12-31,0,500,920240,25000,0,32700,1102100,4000,35345,37200
759,2018-01-01,0,0,141000,25000,0,0,304940,0,0,0
760,2024-12-31,0,2500,89600,25000,0,0,0,0,0,2500
761,2024-12-31,0,117917,1806489,25000,0,0,0,0,33350,117917
762,2024-12-31,0,330,476385,25000,0,19000,252950,4170,50040,23500
763,2024-12-31,0,500,735271,25000,0,50000,509330,5000,60000,55500
764,2018-01-01,0,0,162415,25000,0,0,178080,0,0,0
765,2024-12-31,0,12000,300609,25000,0,0,0,0,10000,12000
766,2024-06-30,257274,0,0,0,0,0,0,0,0,0
767,2019-01-01,0,0,0,0,0,0,0,0,0,0
768,2024-12-31,0,500,969130,25000,0,50000,77700,5000,60000,55500
769,2024-12-31,0,500,577300,25000,0,37700,387100,2500,35625,40700
770,2024-12-31,0,1000,371886,25000,111292.5,46182,180080.5,3335,40020,50517
771,2024-12-31,0,10000,1038946,25000,0,0,0,0,8750,10000
772,2024-10-31,0,0,74800,25000,0,149300,0,0,0,0
773,2024-12-31,0,500,157282,25000,0,22500,211000,2000,23760,25000
774,2024-12-31,0,46370,1057355,25000,0,0,0,0,29190,46370
776,2024-12-31,0,500,350595,25000,111292.5,9500,101792,0,3750,10000
777,2024-10-30,0,0,645800,25000,0,0,931350,0,25020,0
778,2024-10-30,0,0,858610,25000,0,0,883610,0,68610,0
779,2024-12-31,0,500,903926,25000,1700200,27330,1672870,5670,14670,33500
781,2024-12-31,0,500,239925,25000,0,17500,365200,2000,22000,20000
782,2024-05-31,1481660,0,0,0,0,0,0,0,0,0
784,2024-12-31,0,500,1023100,25000,0,80950,1494360,8550,102600,90000
785,2024-12-31,0,22000,1524475,25000,0,0,0,0,0,22000
786,2024-12-31,0,20000,1374600,25000,0,0,0,0,0,20000
789,2018-01-01,0,0,471500,25000,0,0,649555,0,0,0
790,2024-12-31,0,25500,303065,25000,0,0,0,0,20250,25500
791,2024-12-31,0,500,1073000,25000,0,32830,1743115,6670,75040,40000
792,2024-12-31,0,56700,1347090,25000,0,36630,0,6670,80040,100000
793,2024-12-31,0,55000,2325690,25000,0,0,0,0,30000,55000
794,2024-12-31,0,500,2086000,25000,111292.5,42000,1162142.5,7500,90000,50000
795,2024-12-31,0,1000,1342470,25000,0,63000,921200,10000,120000,74000
796,2024-12-31,0,46370,4617492,25000,0,0,0,0,0,46370
797,2024-12-31,0,500,90550,25000,21832.5,9810,14742.5,2190,26280,12500
798,2024-12-31,0,500,78000,25000,0,3100,120590,1400,16800,5000
799,2024-03-31,0,0,2193180,25000,0,0,0,0,0,0
800,2022-02-28,0,0,0,0,0,0,0,0,0,0
801,2024-12-31,0,500,832335,25000,1700200,672747,1576662,5670,104230,72917
802,2024-12-31,0,500,263425,25000,0,22995,269040,4505,54060,28000
803,2018-08-31,0,0,365600,25000,0,0,250200,0,0,0
804,2024-09-30,0,0,1103110,25000,0,0,1738880,0,56000,0
805,2024-12-31,0,75000,1318890,25000,0,0,0,0,53360,75000
806,2024-12-31,0,500,429400,25000,21832.5,34560,738175.5,4940,59280,40000
807,2024-12-31,0,1000,652435,25000,95850,27000,68850,0,0,28000
808,2024-12-31,0,500,630630,25000,0,34247,353806,4170,50040,38917
809,2018-07-31,0,0,474426,25000,0,0,410450,0,0,0
810,2024-12-31,0,50000,5232330,25000,0,0,0,0,0,50000
811,2024-09-30,0,0,1325750,25000,89460,0,2441130,0,17610,0
812,2024-12-31,0,100000,2008740,25000,0,0,0,0,51300,100000
814,2024-12-31,0,500,388052,25000,0,17500,498220,3000,31450,21000
815,2024-12-31,0,500,198245,25000,350200,12750,337450,1750,11750,15000
816,2019-12-31,0,0,1813565,25000,0,0,2521242,0,0,0
817,2024-12-31,0,500,2900320,25000,0,66830,239790,6670,80040,74000
818,2024-12-31,0,1000,445130,25000,111292.5,27000,84292.5,0,10000,28000
819,2024-12-31,0,500,552520,25000,0,262700,312712,4800,42560,53000
820,2024-12-31,0,500,888200,25000,0,48830,1106635,5670,68040,55000
821,2024-12-31,0,500,885610,25000,0,52000,787400,6000,72000,58500
822,2024-12-31,0,500,1410200,25000,0,92830,53490,6670,80040,100000
823,2024-12-31,0,500,1123502,25000,0,42830,1175509,6670,80040,50000
824,2024-12-31,0,500,311480,25000,0,18200,34640,1250,15000,19950
825,2024-12-31,0,500,830555,25000,0,46165,249220,3335,40020,50000
826,2024-12-31,0,500,518320,25000,0,45750,369260,3750,45000,50000
828,2024-12-31,0,500,1199750,25000,866762.5,19500,847262.5,0,0,20000
829,2024-12-31,0,500,345690,25000,121729.5,29180,565144.5,2920,35040,32600
831,2024-12-31,0,500,262545,25000,500200,24750,500350,4750,57000,30000
832,2024-12-31,0,7800,265180,25000,0,12700,0,2000,24000,22500
833,2024-12-31,0,111000,3390170,25000,0,0,0,0,0,111000
834,2024-12-31,0,180000,3275940,25000,0,0,0,0,0,180000
835,2024-12-31,0,1000,705660,25000,0,56747,1286706,4670,53540,62417
836,2019-10-31,0,0,388740,25000,0,0,518900,0,0,0
837,2023-11-30,0,0,0,0,0,0,0,0,0,0
838,2023-01-31,0,0,0,0,0,0,0,0,0,0
840,2024-12-31,0,500,1046960,25000,99897,32830,1771797,6670,82340,40000
841,2022-09-30,0,0,310250,25000,0,0,500400,0,0,0
843,2024-12-31,0,500,500228,25000,998822.5,26165,972657.5,3335,36335,30000
844,2024-12-31,0,500,84700,25000,0,11760,129930,2740,32880,15000
845,2024-12-31,0,500,1032320,25000,0,66830,529940,6670,80040,74000
846,2024-12-31,0,1000,906065,25000,0,67417,1028281,5000,61680,73417
847,2020-05-31,0,0,0,25000,0,0,0,0,0,0
848,2024-12-31,0,500,741650,25000,0,31700,746600,4170,37530,36370
849,2024-12-31,0,500,688590,25000,89460,26500,768560,6500,78000,33500
850,2024-12-31,0,30000,2058555,25000,0,0,0,0,0,30000
851,2022-03-31,0,0,0,0,0,0,0,0,0,0
853,2024-12-31,0,5000,1108730,25000,0,47500,147700,2500,15000,55000
854,2024-12-31,0,500,699410,25000,0,44830,638090,4670,56040,50000
855,2024-08-31,3998000,0,3973675,25000,0,0,0,0,8340,0
856,2024-12-31,0,500,498900,25000,111292.5,24785,888129.5,7715,92580,33000
857,2018-01-01,0,0,135150,25000,0,0,0,0,0,0
858,2022-02-28,0,0,551354,25000,0,0,572020,0,13340,0
859,2024-12-31,0,10000,1065650,25000,111292.5,73500,37792.5,0,0,33500
860,2024-12-31,0,10000,4225465,25000,0,103330,1606880,6670,26680,120000
861,2023-01-31,0,0,0,0,0,0,0,0,0,0
862,2024-12-31,0,500,273130,25000,500200,20600,479600,2500,20500,23600
863,2024-12-31,0,500,2428126,25000,358479,122830,4430482,16670,200040,140000
864,2024-10-31,0,0,100500,25000,0,0,125000,0,0,0
865,2024-12-31,0,500,753000,25000,0,25330,113650,4170,50040,30000
866,2024-12-31,0,500,1300335,25000,0,60747,2322036,6670,80040,67917
867,2024-12-31,0,1000,861760,25000,0,18000,146200,1000,3000,20000
868,2024-09-30,0,0,147800,25000,0,0,84860,0,15030,0
869,2024-12-31,0,500,1617385,25000,0,41700,601740,4170,45035,46370
872,2024-12-31,0,500,331100,25000,0,18000,564200,3000,15400,21500
873,2018-01-01,0,0,87500,25000,0,0,699470,0,0,0
875,2024-12-31,0,1000,1058450,25000,0,67830,1758880,6670,46680,75000
876,2024-12-31,0,500,731555,25000,0,67917,401826,5000,60000,73417
878,2024-10-02,0,0,653450,25000,0,0,395980,0,33360,0
880,2018-01-01,0,0,127500,25000,0,0,20500,0,0,0
881,2024-12-31,0,500,412870,25000,0,28765,441085,3335,40020,32600
882,2024-12-31,0,500,162220,25000,0,22900,187800,1600,18990,25000
883,2024-12-31,0,18681,343181,25000,0,11819,0,3000,36000,33500
885,2024-12-31,0,5000,1145350,25000,2000200,78330,1921870,6670,56670,90000
886,2024-12-31,0,500,780040,25000,0,50000,459330,5000,60000,55500
887,2024-12-31,0,500,190320,25000,0,26680,210915,2820,21620,30000
888,2024-12-31,0,28000,1086995,25000,0,0,0,0,11080,28000
889,2024-12-31,0,500,1302615,25000,0,29500,972700,5000,60000,35000
890,2024-12-31,0,5000,471190,25000,0,46917,106366,1000,25360,52917
891,2024-12-31,0,500,984465,25000,0,50000,311200,5000,60000,55500
892,2024-12-31,0,500,708550,25000,0,41370,729650,4500,54000,46370
893,2018-01-01,0,0,201500,25000,0,0,0,0,0,0
894,2024-12-31,0,50000,1288000,25000,0,0,0,0,0,50000
895,2024-12-31,0,500,1323505,25000,0,41160,1246470,8340,66720,50000
897,2018-01-01,0,0,204660,25000,0,0,243660,0,0,0
898,2024-12-31,0,120000,2441430,25000,0,0,0,0,10000,120000
899,2024-12-31,0,500,1371075,25000,0,41165,894765,8335,100020,50000
900,2024-12-31,0,500,179175,25000,80200,22750,203400,2250,23130,25000
901,2024-12-31,0,500,493820,25000,111292.5,23750,114482.5,3750,45000,28000
902,2024-12-31,0,100000,2270460,25000,0,0,0,0,0,100000
903,2024-12-31,0,500,1199840,25000,100200,58992,189576,4795,50665,64287
904,2024-12-31,0,500,3645560,25000,0,163500,3308210,20000,240000,184000
905,2024-12-31,0,500,1436750,25000,0,78165,1294060,8335,91685,87000
906,2018-01-01,0,0,404950,25000,0,0,358550,0,0,0
907,2024-12-31,0,500,335123,25000,43665,21500,342865,3000,36000,25000
909,2018-01-01,0,0,60175,25000,0,0,46580,0,0,0
910,2024-12-31,0,500,997622,25000,0,52830,1299200,6670,80040,60000
911,2024-12-31,0,5000,1489930,25000,0,0,0,0,0,5000
912,2024-12-31,0,500,252565,25000,88395,2159,173449,1300,15600,3959
913,2018-01-01,0,0,3664,25000,0,0,100000,0,0,0
914,2023-12-07,0,0,52500,25000,0,0,103560,0,6200,0
915,2024-05-31,682358,0,0,0,0,0,0,0,0,0
917,2024-12-31,0,500,316990,25000,0,25000,186300,2500,30000,28000
918,2024-12-31,850000,100000,184913,25000,0,0,0,0,40000,100000
919,2024-12-31,0,900,83100,25000,150200,25917,144939,1100,13200,27917
920,2024-12-31,0,10000,1383205,25000,0,93330,1460920,6670,70020,110000
921,2024-12-31,0,500,457170,25000,0,5540,872640,3960,47520,10000
922,2024-12-31,0,30000,3076940,25000,0,0,0,0,0,30000
923,2018-01-01,0,0,266000,25000,0,0,477800,0,0,0
924,2024-12-31,0,500,844245,25000,0,59500,667200,5000,60000,65000
926,2024-12-31,0,500,1144854,25000,111292.5,66247,1846504,6670,61680,73417
927,2024-12-31,0,37917,607463,25000,0,0,0,0,13160,37917
928,2022-06-30,0,0,0,0,0,0,0,0,0,0
929,2024-12-31,0,500,520435,25000,0,45330,759370,4170,50040,50000
930,2024-12-31,0,500,753340,25000,0,7310,81720,2190,26280,10000
931,2024-12-31,0,500,521660,25000,0,76885,712045,7615,78220,85000
932,2024-12-31,0,74000,2431150,25000,0,0,0,0,0,74000
933,2024-12-31,0,500,2586700,25000,0,39500,420400,5000,60000,45000
934,2024-12-31,0,500,242520,25000,194930,31209,399114,2250,27000,33959
935,2024-12-31,0,500,495500,25000,0,45330,471240,4170,50040,50000
936,2024-12-31,0,1000,665800,25000,0,44830,372580,4170,50040,50000
937,2024-12-31,0,250,76340,25000,0,8250,37850,1500,18000,10000
938,2018-01-01,0,0,306500,25000,0,0,391100,0,0,0
939,2024-12-31,0,500,380000,25000,0,28765,512550,3335,39190,32600
940,2024-12-31,0,1000,242305,25000,0,26500,182200,2500,30000,30000
941,2024-12-31,0,500,502545,25000,0,40760,77520,5110,52860,46370
942,2022-08-09,0,0,70225,25000,0,0,410880,0,12500,0
943,2018-01-01,0,0,11000,25000,0,0,0,0,0,0
944,2024-12-31,0,500,438300,25000,0,28540,90220,3960,47520,33000
945,2024-12-31,0,500,963900,25000,0,40000,279200,4000,48000,44500
946,2024-12-31,0,500,993850,25000,89460,44500,1456160,5000,27510,50000
947,2024-12-31,0,500,412500,25000,0,38500,71680,11000,132000,50000
948,2024-12-31,0,25000,397430,25000,0,0,0,0,32500,25000
949,2024-12-31,0,500,581190,25000,1000200,41700,958500,4170,45870,46370
950,2024-12-31,0,30000,522525,25000,0,0,0,3335,36685,30000
951,2024-12-31,0,500,177685,25000,0,18700,58400,2000,24000,21200
952,2024-12-31,0,500,617250,25000,0,15165,680805,4335,52020,20000
953,2024-12-31,0,1000,1444130,25000,143562,2100000,264762,10000,110000,111000
954,2024-12-31,0,500,1567865,25000,0,49500,1879700,10000,120000,70000
955,2018-01-01,0,0,124000,25000,0,0,206600,0,0,0
956,2024-12-31,0,500,1287900,25000,0,15330,478980,4170,50040,20000
957,2024-12-31,0,40970,1008470,25000,0,12360,0,6670,80040,60000
958,2018-01-01,0,0,153750,25000,0,0,165650,0,0,0
959,2024-12-31,0,10000,796900,25000,0,0,0,0,0,10000
960,2024-12-31,0,500,193540,25000,0,22080,91300,2420,28200,25000
962,2024-12-31,0,500,1280940,25000,0,21160,533880,8340,100080,30000
963,2023-02-28,34720,0,381420,25000,0,0,371200,0,6000,0
964,2024-12-31,0,500,705599,25000,0,35750,238650,5750,69000,42000
966,2024-12-31,0,500,660990,25000,0,3500,415180,1000,12000,5000
967,2022-04-30,0,0,0,0,0,0,0,0,0,0
968,2024-12-31,0,500,1982376,25000,0,16165,38550,13335,156690,30000
969,2024-12-31,0,500,1028585,25000,0,23330,860220,4170,27840,28000
970,2024-12-31,0,1000,1504710,25000,0,100000,1177100,10000,120000,111000
971,2024-12-31,0,500,361600,25000,0,29180,129320,2920,35040,32600
972,2024-12-31,0,500,547250,25000,0,32530,794765,4170,50040,37200
973,2024-12-31,0,500,711975,25000,0,45830,343990,5670,62040,52000
974,2024-12-31,0,500,447550,25000,0,24165,751870,3335,14170,28000
975,2024-05-31,0,0,678835,25000,0,0,232870,0,43350,0
976,2024-12-31,0,46370,1549080,25000,0,0,0,0,29190,46370
977,2024-12-31,0,500,930575,25000,0,36500,923900,5000,60000,42000
978,2024-12-31,0,500,595310,25000,0,43330,284840,4170,50040,48000
980,2024-12-31,0,44500,1407880,25000,0,0,0,0,55000,44500
982,2024-12-31,0,500,513000,25000,0,5330,829640,4170,50040,10000
984,2024-12-31,0,500,1555495,25000,3000200,39500,2960700,10000,55000,50000
985,2024-12-31,0,500,560435,25000,0,22915,962710,4585,27510,28000
987,2024-12-31,0,0,519560,25000,0,2500,52100,500,6500,3000
988,2024-12-31,0,500,600140,25000,1100200,27515,1072685,4585,44365,32600
989,2024-12-31,0,500,811620,25000,0,18820,187280,1880,18800,21200
990,2024-12-31,0,500,211390,25000,111292.5,19500,347829.5,2500,30000,22500
991,2024-12-31,0,500,277530,25000,0,3955,524977,5545,39905,10000
992,2024-12-31,0,500,271744,25000,0,10620,84700,1880,22560,13000
993,2024-12-31,0,500,462320,25000,0,25750,719950,3750,37500,30000
994,2024-01-31,86284,0,0,0,0,0,0,0,0,0
995,2023-12-31,411300,0,45000,0,0,0,0,0,0,0
996,2024-09-30,679645,0,0,0,0,0,0,0,0,0
997,2024-12-31,0,500,381740,25000,0,29180,348680,2920,32120,32600
998,2024-06-30,1501770,20500,0,0,0,0,0,0,0,0
999,2024-12-31,0,22700,698540,25000,0,0,0,0,18800,22700
1000,2024-12-31,0,46370,1753025,25000,0,0,0,0,33360,46370
1001,2024-12-31,0,1000,868521,25000,0,45060,15020,940,48280,47000
1002,2024-12-31,0,70000,949895,25000,0,0,0,0,45870,70000
1003,2024-12-31,0,2000,884500,25000,0,25500,41200,2500,30000,30000
1004,2024-12-31,0,45000,517702,25000,0,0,0,0,34826,45000
1006,2024-12-31,0,33200,1947585,25000,0,0,0,0,0,33200
1007,2024-12-31,0,500,1382420,25000,0,38165,1012015,8335,100020,47000
1008,2024-12-31,0,500,1236675,25000,0,36830,1150940,6670,80040,44000
1010,2023-02-28,0,0,19000,0,0,0,0,0,10000,0
1012,2024-12-31,0,1000,543867,25000,21832.5,49947,480051.5,4170,50040,55117
1013,2024-12-31,0,25000,2775000,25000,0,0,0,0,0,25000
1014,2024-12-31,0,500,1458915,25000,0,34500,388700,10000,120000,45000
1015,2024-12-31,0,37200,1305310,25000,0,0,0,0,0,37200
1017,2024-12-31,0,500,2878100,25000,3000200,63500,2936700,10000,10000,74000
1018,2024-12-31,0,100000,1660720,25000,0,0,0,0,40020,100000
1019,2018-01-01,0,0,195000,25000,0,0,0,0,0,0
1020,2024-12-31,0,1000,462950,25000,0,58980,489280,3020,24080,63000
1021,2024-12-31,0,500,291163,25000,0,24180,260100,5320,57260,30000
1022,2024-12-31,0,37200,1212105,25000,0,0,0,0,0,37200
1023,2024-01-31,189225,0,0,0,0,0,0,0,0,0
1025,2024-12-31,0,5000,369823,25000,55167,35000,20167,0,16000,40000
1026,2024-12-31,0,40000,902865,25000,0,0,0,0,0,40000
1028,2023-09-30,116090,0,0,0,0,0,0,0,0,0
1029,2024-12-31,0,500,1650170,25000,0,66830,552040,6670,80040,74000
1030,2024-12-31,0,500,1215860,25000,0,83365,767735,8335,100020,92200
1031,2024-12-31,0,3000,968790,25000,0,65000,850200,5000,50000,73000
1032,2024-12-31,0,500,474370,25000,0,23120,79720,4380,52560,28000
1033,2024-06-30,0,0,0,0,0,0,0,0,0,0
1034,2024-12-31,0,35000,1138650,25000,0,0,0,0,0,35000
1035,2022-07-31,0,0,0,0,0,0,0,0,0,0
1037,2024-12-31,0,500,79500,25000,0,3500,122640,1000,12000,5000
1040,2018-05-31,0,0,101195,25000,0,0,0,0,0,0
1041,2024-12-31,0,500,152330,25000,0,8500,177360,1000,12000,10000
1042,2024-12-31,0,1000,605500,25000,0,75165,329800,3835,46020,80000
1043,2024-12-31,0,5000,505000,25000,0,71250,460,3750,45000,80000
1044,2024-12-31,0,1000,660850,25000,0,50000,650200,4000,44000,55000
1045,2024-12-31,0,1000,354320,25000,300952.5,37015,451012.5,1985,13165,40000
1046,2024-11-30,0,0,721170,25000,0,0,0,0,26250,0
1047,2024-12-31,0,25000,794935,25000,0,0,0,0,12510,25000
1049,2024-12-31,0,1000,1095060,25000,111292.5,20620,1147657.5,8380,73560,30000
1050,2024-12-31,0,500,1251320,25000,2000200,52830,1947370,6670,80040,60000
1052,2019-03-04,0,0,211550,25000,0,0,314973,0,0,0
1053,2024-12-31,0,10000,1126250,25000,0,683330,214920,6670,80040,100000
1055,2024-12-31,0,500,894800,25000,0,41700,344040,4170,50040,46370
1056,2024-12-31,0,500,299000,25000,0,15780,536630,3720,44640,20000
1057,2024-12-31,0,10000,719000,25000,0,0,0,0,0,10000
1058,2024-12-31,0,5000,402455,25000,66562.5,25000,41562.5,0,11250,30000
1059,2023-01-31,0,0,0,0,0,0,0,0,0,0
1060,2024-12-31,0,5000,539880,25000,150200,51977,98223,940,32845,57917
1061,2024-12-31,0,500,399855,25000,0,26580,168600,2920,35040,30000
1062,2024-12-31,0,500,505490,25000,0,30000,425700,3000,29250,33500
1063,2024-12-31,0,500,528552,25000,0,41785,395210,4085,49020,46370
1064,2021-09-30,0,0,75000,25000,0,0,0,0,0,0
1066,2022-08-31,0,0,0,0,0,0,0,0,0,0
1067,2024-12-31,0,10000,191500,25000,0,0,0,0,7000,10000
1068,2023-12-31,459217,0,0,0,0,0,0,0,0,0
1069,2024-12-31,0,500,151690,25000,293865,17310,283215,2190,26280,20000
1070,2024-12-31,0,12350,516535,25000,0,38980,0,4170,50040,55500
1071,2024-12-31,0,500,546770,25000,0,65830,688290,4170,50040,70500
1072,2024-12-31,0,500,123865,25000,0,5750,152450,1250,15000,7500
1073,2024-12-31,0,50000,1437815,25000,0,0,0,0,20850,50000
1074,2024-12-31,0,500,474650,25000,0,23620,642135,5880,70560,30000
1075,2024-12-31,0,500,1902330,25000,0,62830,2557750,11670,140040,75000
1076,2024-12-31,0,500,400840,25000,0,14875,721425,4625,55500,20000
1077,2024-12-31,0,500,220050,25000,0,10000,120200,2500,30000,13000
1078,2024-12-31,0,50000,2996400,25000,0,0,0,0,0,50000
1079,2023-10-31,496275,0,0,0,0,0,0,0,0,0
1080,2024-12-31,0,50000,2258039,25000,0,0,0,0,0,50000
1082,2024-12-31,0,25000,899635,25000,0,0,0,0,0,25000
1083,2018-01-01,0,0,19000,0,0,0,45000,0,0,0
1084,2024-12-31,0,500,2054065,25000,0,155500,1761200,14000,168000,170000
1085,2022-12-31,0,0,1750,0,0,0,0,0,0,0
1086,2024-12-31,125000,50000,782800,25000,0,0,0,0,0,50000
1087,2018-01-01,0,0,45000,25000,0,0,140000,0,0,0
1089,2021-02-28,0,0,277500,25000,0,0,40200,0,0,0
1091,2024-12-31,0,20000,1650640,25000,0,0,0,0,0,20000
1092,2024-12-31,0,500,354915,25000,0,21685,35830,2815,33780,25000
1093,2024-12-31,0,500,158000,25000,0,5735,94430,1565,18780,7800
1094,2024-12-31,0,37200,456480,25000,0,0,0,0,28125,37200
1096,2023-06-26,0,0,551700,25000,0,0,2133555,0,0,0
1097,2024-10-31,797665,0,35940,25000,0,0,0,0,0,40000
1101,2024-12-31,0,500,178186,25000,300200,33552,281056,3865,46080,37917
1103,2018-01-01,0,0,213400,25000,0,0,306200,0,0,0
1104,2024-12-31,0,1000,656520,25000,0,49665,369510,4335,52020,55000
1105,2018-01-01,0,0,5000,0,0,0,0,0,0,0
1107,2024-12-31,0,13000,168660,25000,0,8037,0,1880,22560,22917
1108,2024-12-31,0,28000,1174800,25000,0,0,0,0,7500,28000
1109,2024-09-30,0,0,93740,25000,0,0,148700,0,15000,0
1110,2024-12-31,0,500,340400,25000,0,25765,559170,6335,49020,32600
1111,2024-12-31,0,500,490053,25000,0,45665,620865,3835,62565,50000
1112,2024-12-31,0,500,974300,25000,0,50000,390400,5000,60000,55500
1114,2024-12-31,0,500,547180,25000,0,50000,800200,5000,60000,55500
1116,2024-12-31,0,0,0,0,0,0,0,0,0,0
1117,2024-12-31,0,10000,950140,25000,197664,92075,1237044,7925,85090,110000
1120,2024-12-31,1664400,25000,31595,0,0,0,0,0,0,25000
1121,2018-01-01,0,0,581500,25000,0,0,671610,0,0,0
1122,2024-12-31,0,1000,1588500,25000,1400200,42330,2044590,6670,104710,50000
1123,2024-06-30,0,0,71225,25000,0,0,0,0,0,0
1126,2018-01-01,0,0,271500,25000,0,0,511300,0,0,0
1127,2024-12-31,0,30000,4946285,25000,0,183330,4000720,16670,100020,230000
1128,2024-12-31,0,500,924495,25000,0,45000,1585900,10000,75000,55500
1129,2024-02-28,0,0,10500,25000,0,0,0,0,0,0
1131,2018-01-01,0,0,195120,25000,0,0,109090,0,0,0
1132,2018-01-01,0,0,20500,25000,0,0,50850,0,0,0
1133,2018-01-01,0,0,410900,25000,0,0,0,0,0,0
1134,2024-12-31,0,5117,610254,25000,0,45830,862710,4170,31635,55117
1137,2023-03-23,0,0,25000,0,0,0,0,0,0,0
1138,2024-12-31,0,500,225817,25000,0,20000,262400,2500,29000,23000
1139,2024-12-31,0,21200,1321355,25000,0,0,0,0,0,21200
1140,2024-12-31,0,500,1215710,25000,0,41700,52470,4170,50040,46370
1141,2024-12-31,0,500,471615,25000,0,21500,70200,2000,24000,24000
1142,2024-12-31,0,500,495375,25000,0,41700,619940,4170,41700,46370
1143,2024-12-31,0,500,237230,25000,0,22000,392250,4500,44420,27000
1144,2024-12-31,0,500,570220,25000,0,40000,404700,4000,48000,44500
1145,2024-12-31,0,150000,5364520,25000,0,0,0,0,0,150000
1147,2024-12-31,0,60,157030,25000,0,3000,147070,1940,23280,5000
1149,2024-12-31,0,500,861220,25000,0,23830,1461900,5670,60700,30000
1150,2018-01-01,0,0,223000,25000,0,0,246700,0,0,0
1151,2024-12-31,0,500,467760,25000,0,3995,0,3125,37500,35000
1152,2024-12-31,0,500,838790,25000,0,41700,182570,4170,50040,46370
1153,2022-12-31,0,0,1724440,25000,0,0,1278300,0,0,0
1154,2018-01-01,0,0,126150,25000,0,0,126313,0,0,0
1155,2024-12-31,0,28000,465680,25000,0,0,0,0,0,28000
1157,2024-12-31,0,827,652122,25000,0,60000,924874,7090,69140,67917
1158,2024-12-31,0,5000,820681,25000,0,64000,1049700,6000,72000,75000
1159,2018-01-01,0,0,29160,25000,0,0,67350,0,0,0
1160,2023-11-08,0,0,19500,0,0,0,0,0,0,0
1161,2024-12-31,0,46370,966390,25000,0,0,0,0,0,46370
1163,2024-12-31,0,0,5000,0,0,0,0,0,0,0
1164,2024-12-31,0,10000,976514,25000,0,83330,1000220,6670,80040,100000
1165,2024-11-30,0,0,938440,25000,0,0,788200,0,50000,0
1166,2024-12-31,0,3300,574130,25000,0,14200,0,2500,30000,20000
1167,2024-12-31,0,500,774010,25000,0,4500,1491200,5000,26680,10000
1168,2024-12-31,0,50000,487300,25000,0,0,0,0,24080,50000
1169,2022-08-04,0,0,123035,25000,0,0,1004290,0,0,0
1170,2022-08-04,0,0,481000,25000,0,0,801100,0,0,0
1173,2024-12-31,0,500,1249740,25000,0,91170,975780,8330,99975,100000
1174,2024-12-31,0,16000,116655,25000,0,6450,0,1250,12500,16000
1175,2024-12-31,0,500,957280,25000,0,29500,497200,5000,60000,35000
1176,2024-12-25,0,100000,288370,25000,0,191665,1806410,8335,50010,300000
1177,2024-12-31,0,500,561900,25000,0,41700,835670,4170,50040,46370
1178,2024-02-05,0,0,1059615,25000,0,0,1507060,0,0,0
1179,2024-03-31,0,0,174595,25000,0,0,0,0,0,0
1180,2024-12-31,0,500,482080,25000,0,41700,187570,4170,50040,46370
1182,2024-12-31,0,10000,1034420,25000,0,134000,447063,6000,67670,150000
1183,2024-12-31,0,500,340025,25000,0,29180,379220,2920,32120,32600
1184,2024-12-31,0,10000,2276521,25000,0,83330,1681380,6670,26680,100000
1185,2024-12-31,0,1000,351730,25000,0,42450,445500,2920,41820,46370
1186,2024-12-31,0,10000,1415000,25000,0,0,0,0,0,10000
1187,2024-12-30,0,1000,833100,25000,150200,54725,342375,4275,45235,30000
1189,2024-12-31,0,500,527955,25000,0,12500,212700,2500,30000,15500
1190,2024-12-31,0,500,165830,25000,0,12375,22275,2125,25500,15000
1191,2024-12-31,0,100,77760,25000,0,3500,92810,1400,16800,5000
1192,2024-12-31,0,1000,572505,25000,111292.5,45370,65922.5,0,41700,46370
1193,2024-12-31,0,500,490250,25000,0,22500,47700,2000,24000,25000
1194,2024-12-31,0,500,463750,25000,500200,42000,544745,2500,50149,45000
1195,2024-12-31,0,500,232260,25000,0,20625,204775,3875,40875,25000
1196,2024-12-17,0,500,282110,25000,0,20000,360200,2000,16000,22500
1197,2018-01-01,0,0,360000,25000,0,0,767850,0,0,0
1198,2022-06-04,0,0,733135,25000,0,0,1013255,0,0,0
1199,2024-12-31,0,10000,1568248,25000,0,0,0,0,0,10000
1200,2018-01-01,0,0,33000,25000,0,0,0,0,0,0
1201,2024-12-31,0,5000,1201590,25000,0,42060,681715,2940,83280,50000
1202,2024-12-31,0,20000,3058225,25000,0,0,0,0,0,20000
1203,2024-12-31,0,500,528415,25000,0,37750,40350,3750,45000,42000
1204,2018-01-01,0,0,50000,25000,0,0,0,0,0,0
1205,2018-01-01,0,0,33000,25000,0,0,0,0,0,0
1206,2024-10-31,0,0,0,0,0,0,0,0,0,0
1208,2018-01-01,0,0,65000,25000,0,0,0,0,0,0
1209,2024-12-31,0,500,1796300,25000,0,51000,486200,4000,48000,55500
1211,2024-05-31,0,0,140900,25000,0,0,135150,0,3050,10000
1215,2024-12-31,0,70000,3721110,25000,0,0,0,0,0,70000
1216,2024-12-31,0,500,181181,25000,0,2375,201425,2125,25500,5000
1218,2018-01-01,0,0,65000,25000,0,0,90000,0,0,0
1219,2024-12-31,0,500,2101100,25000,4000000,86165,3914035,13335,13335,100000
1220,2024-12-31,0,9760,1118190,25000,0,57570,0,6670,80040,74000
1221,2018-01-01,0,0,44060,25000,0,0,41685,0,0,0
1222,2023-04-30,0,0,704510,25000,0,0,422580,0,0,0
1223,2024-09-30,0,0,384220,25000,0,0,406710,0,69030,0
1224,2024-12-31,0,10000,400500,25000,0,0,0,0,0,10000
1225,2024-12-31,0,10000,1052100,25000,0,0,0,0,0,10000
1226,2024-12-31,0,500,1114960,25000,133125,52830,1922005,6670,66700,60000
1227,2018-01-01,0,0,305000,25000,0,0,200000,0,0,0
1228,2024-12-31,0,5000,584500,25000,0,50830,113790,4170,50040,60000
1229,2018-01-01,0,0,25000,25000,0,0,40000,0,0,0
1231,2024-12-31,0,500,351149,25000,111292.5,39497,140043.5,2920,35020,42917
1232,2024-12-31,0,5000,1458635,25000,0,32500,305200,2500,15000,40000
1233,2024-12-31,0,1000,900985,25000,111292.5,51000,910612.5,5000,60000,57000
1235,2024-12-31,0,500,382798,25000,121729.5,17120,765319.5,7380,71640,25000
1236,2018-01-01,0,0,125000,25000,0,0,50000,0,0,0
1237,2024-12-31,0,500,187325,25000,0,2620,143000,1880,22560,5000
1238,2024-12-31,0,500,1512980,25000,0,17500,237700,2500,30000,20000
1239,2024-12-31,0,1000,599905,25000,0,74830,401560,4170,46700,80000
1240,2024-12-31,0,1000,1857180,25000,0,138785,528485,10215,111300,150000
1241,2019-06-30,0,0,806470,25000,0,0,0,0,0,0
1242,2024-09-30,0,0,446550,25000,0,33365,722305,3335,10005,0
1243,2018-01-01,0,0,165000,25000,0,0,160200,0,0,0
1244,2024-12-31,0,21200,571740,25000,0,0,0,0,0,21200
1245,2024-12-31,0,500,1251000,25000,0,73830,1409560,6670,53370,80000
1246,2024-12-31,0,10000,1432295,25000,207888,50000,157888,0,15000,60000
1247,2024-12-31,0,45000,580435,25000,0,0,0,0,36685,45000
1248,2024-12-31,0,0,0,0,0,0,0,0,0,0
1249,2018-06-30,0,0,495800,25000,0,0,639875,0,0,0
1250,2024-12-31,0,500,1012320,25000,0,34500,1217670,5000,95400,40000
1251,2024-02-28,39775,0,0,0,0,0,0,0,0,0
1252,2024-02-28,0,0,414265,25000,100200,0,296375,0,6670,0
1253,2018-01-01,0,0,51150,25000,0,0,146450,0,0,0
1254,2024-12-31,0,500,399395,25000,100200,21417,694566,6000,68500,27917
1255,2024-12-31,0,50000,1508035,25000,0,0,0,0,0,50000
1256,2024-12-31,0,23200,1271148,25000,0,0,0,0,0,23200
1257,2024-12-31,0,5000,1442900,25000,0,42000,348200,3000,18000,50000
1258,2018-01-01,0,0,59775,25000,0,0,0,0,0,0
1260,2024-12-31,0,500,721335,25000,0,26830,1019710,4170,41700,31500
1261,2022-12-31,0,0,0,0,0,0,0,0,0,0
1262,2024-12-31,0,500,464073,25000,121729.5,27000,729129,6000,59385,33500
1263,2024-12-31,0,500,607990,25000,0,42535,687535,3335,51705,46370
1264,2024-12-31,0,500,2171580,25000,0,133835,2102315,13335,160020,147670
1265,2024-12-31,0,500,507335,25000,0,17830,225630,4170,50040,22500
1266,2024-12-31,0,0,0,0,0,0,0,0,0,0
1267,2024-12-31,0,500,1304385,25000,0,63500,2365200,10000,106670,74000
1268,2024-12-31,0,46370,3945280,25000,0,0,0,0,0,46370
1269,2022-06-22,0,0,10960,25000,0,0,106500,0,0,0
1270,2024-09-30,0,0,447950,25000,0,0,143900,0,30015,0
1271,2024-12-31,0,2000,1199850,25000,0,43830,561900,4170,58360,50000
1272,2024-12-31,0,10000,849930,25000,1500200,85000,1415200,5000,45020,100000
1273,2018-01-01,0,0,18000,25000,0,0,41360,0,0,0
1274,2024-12-27,0,58300,181700,25000,0,5450,0,1250,13750,65000
1275,2024-12-31,0,500,44605,25000,21832.5,8060,66932,1440,16640,10000
1276,2024-12-31,0,10000,65710,25000,0,0,0,0,0,10000
1277,2024-12-31,0,500,1220110,25000,0,83500,1231200,8000,96000,92000
1278,2024-12-31,0,500,408570,25000,0,33365,55505,3335,40020,37200
1279,2024-12-31,0,500,289950,25000,400200,22500,377700,2000,20900,25000
1281,2019-12-31,0,0,0,0,0,0,0,0,0,0
1284,2024-12-31,0,500,1016720,25000,0,40870,233670,5000,60000,46370
1286,2024-12-31,0,37200,634280,25000,0,0,0,0,30000,37200
1287,2024-12-31,0,500,787500,25000,0,49165,1283550,5335,48015,55000
1288,2024-12-31,0,500,1014300,25000,0,84122,681371,7295,87540,91917
1289,2022-06-11,0,0,6000,0,0,0,580000,0,0,0
1290,2024-09-30,0,500,580300,25000,0,0,402610,0,37530,0
1291,2022-12-31,0,0,1044020,25000,0,0,0,0,0,0
1292,2024-01-31,0,0,141545,25000,0,0,278768,0,4500,0
1293,2024-12-31,0,15000,1526550,25000,0,0,0,0,0,15000
1294,2024-12-31,0,500,235600,25000,0,24375,108475,3125,36875,28000
1295,2022-04-30,0,0,514480,25000,0,0,853880,0,0,0
1296,2024-12-31,0,500,234810,25000,0,19000,190850,3000,33000,22500
1297,2024-12-31,0,0,712700,25000,0,0,764625,0,0,0
1298,2024-12-31,0,500,2334255,25000,150200,49060,881420,5940,67520,55500
1299,2024-12-31,0,100000,4524606,25000,0,0,0,0,0,100000
1300,2024-12-31,0,500,286271,25000,0,25000,8200,2500,30000,28000
1301,2024-12-31,0,1000,664093,25000,28542,19000,9542,0,3750,20000
1302,2024-09-30,0,0,0,25000,0,0,0,0,0,0
1303,2024-12-31,0,5000,2499060,25000,0,65830,12750,4170,50040,75000
1304,2024-12-31,0,500,601220,25000,1000200,41700,958500,4170,45870,46370
1307,2018-01-01,0,0,6000,0,0,0,0,0,0,0
1308,2024-12-31,0,500,173240,25000,0,22500,242700,2000,23000,25000
1309,2024-12-31,0,21200,1819720,25000,0,0,0,0,0,21200
1310,2018-01-01,0,0,20000,25000,0,0,0,0,0,0
1311,2019-12-31,0,0,656600,25000,0,0,721750,0,0,0
1312,2024-12-31,0,50000,745690,25000,0,0,0,0,20010,50000
1313,2018-01-01,0,0,35000,25000,0,0,0,0,0,0
1314,2024-12-31,0,0,3000,0,0,0,0,0,0,0
1315,2018-01-01,0,0,20000,0,0,0,0,0,0,0
1316,2018-01-01,0,0,56000,25000,0,0,145000,0,0,0
1317,2018-01-01,0,0,15000,0,0,0,0,0,0,0
1318,2024-10-31,0,0,595200,25000,0,0,0,0,0,0
1319,2024-12-31,0,40000,2010600,25000,0,0,0,0,0,40000
1320,2024-12-31,0,50000,951080,25000,0,0,0,0,0,50000
1321,2024-06-30,0,0,19000,0,0,0,0,0,0,0
1322,2022-03-30,0,0,25300,25000,0,0,14000,0,0,0
1324,2024-12-31,0,500,46600,25000,0,2500,54550,1000,12000,4000
1325,2024-12-31,0,500,1000195,25000,0,28830,1703310,6670,46690,32600
1326,2024-12-31,0,1100,494560,25000,0,41100,0,4170,50040,46370
1327,2024-12-31,0,500,98050,25000,44730,3000,58010,1500,18000,5000
1330,2024-12-31,0,500,535253,25000,1000200,33330,966870,4170,37920,38000
1331,2024-12-31,0,35000,566100,25000,0,0,0,0,32120,35000
1332,2022-02-28,0,0,2206915,25000,0,0,2417870,0,0,0
1334,2024-12-31,0,500,1235660,25000,0,42165,1823140,7335,104270,50000
1335,2024-12-31,0,3000,365000,25000,0,0,0,0,0,3000
1337,2024-12-31,0,1000,680867,25000,0,45000,1020200,4000,45190,50000
1338,2024-12-31,0,500,518265,25000,89460,34135,697320,5735,61240,40370
1339,2024-12-31,0,500,511030,25000,1000200,30330,969870,4170,45870,35000
1340,2024-12-31,0,30000,2321460,25000,0,0,0,0,0,30000
1342,2024-12-31,0,500,538270,25000,0,25000,119700,2500,30000,28000
1344,2024-12-31,0,28000,939935,25000,0,0,0,0,27500,28000
1345,2024-12-31,0,582,1918878,25000,2500200,83000,2417200,8335,11155,91917
1347,2024-09-30,0,0,749145,25000,123125,0,1174745,5000,27220,0
1348,2024-12-31,0,5000,401995,25000,143542,32500,481242,2500,18750,40000
1349,2024-12-31,0,100000,729440,25000,0,0,0,0,0,100000
1350,2024-12-31,3800000,74000,271556,25000,0,0,0,0,0,74000
1351,2024-12-31,0,500,1697965,25000,0,89500,2618280,10000,100020,100000
1352,2024-12-31,0,500,683140,25000,0,44500,738200,5000,60000,50000
1353,2024-12-31,0,500,385560,25000,0,16500,34140,3000,39000,20000
1355,2018-01-01,0,0,63000,25000,0,0,0,0,0,0
1356,2024-12-31,0,500,917060,25000,0,53500,1365190,6000,80680,60000
1357,2018-01-01,0,0,33700,25000,0,0,52120,0,0,0
1359,2024-12-31,0,500,458079,25000,0,26165,617045,3335,25220,30000
1360,2024-12-31,0,10000,846610,25000,0,0,0,0,0,10000
1361,2024-12-31,*,500,729310,25000,0,25500,205950,4000,48000,30000
1362,2024-12-31,0,500,652660,25000,1000200,40330,959870,4170,18770,45000
1363,2018-01-01,0,0,371835,25000,0,0,460775,0,0,0
1364,2024-12-31,0,25000,1292230,25000,0,0,0,0,0,25000
1365,2024-12-31,0,21200,1245619,25000,0,0,0,0,0,21200
1366,2024-12-31,0,10000,808781,25000,0,28750,27700,1250,15840,40000
1367,2024-12-31,0,0,0,0,0,0,0,0,0,0
1368,2024-12-31,0,10000,113130,25000,0,0,0,0,10400,10000
1371,2024-12-31,0,28000,1577150,25000,0,0,0,0,0,28000
1372,2024-09-30,0,0,1234015,25000,0,0,0,0,0,0
1373,2024-12-31,0,76500,2149350,25000,0,0,0,0,0,76500
1374,2024-12-31,0,0,0,0,0,0,0,0,0,0
1376,2024-12-31,0,500,143445,25000,100200,12375,310525,2125,11125,15000
1377,2024-05-31,0,0,0,0,0,0,0,0,0,0
1378,2024-12-31,0,24075,650419,25000,0,9790,0,3335,40020,37200
1379,2024-12-31,0,15000,549600,25000,0,0,0,0,0,15000
1380,2018-01-01,0,0,20000,0,0,0,0,0,0,0
1381,2024-12-31,0,20000,2495000,25000,0,0,0,0,0,20000
1383,`2024-12-31,0,500,819101,25000,0,49330,800120,5670,68040,55500
1384,2024-12-31,0,20000,705135,25000,0,0,0,0,43350,20000
1385,2024-12-31,0,10000,724613,25000,0,0,0,0,10340,10000
1387,2024-12-31,0,52587,163387,25000,66562,163450,0,1880,22560,217917
1388,2022-09-30,0,0,229168,25000,0,0,92840,0,0,0
1389,2018-01-01,0,0,15000,25000,0,0,0,0,0,0
1390,2024-12-31,0,46370,808795,25000,0,0,0,0,0,46370
1391,2022-09-30,0,0,700950,25000,0,0,0,0,0,0
1392,2024-12-31,0,1000,1295300,25000,0,74000,948900,5000,67500,80000
1393,2024-12-31,0,20000,2316185,25000,0,0,0,0,0,20000
1395,2024-09-30,0,0,41330,0,0,0,0,0,0,0
1396,2024-12-31,0,0,2520,0,0,0,0,0,0,0
1397,2024-12-31,0,500,988920,25000,0,57830,1144090,6670,80040,65000
1398,2018-01-01,0,0,19500,0,0,0,0,0,0,0
1399,2023-04-30,0,0,362300,25000,111292.5,0,170952,0,0,0
1400,2024-12-31,0,10000,1125000,25000,0,0,0,0,0,10000
1402,2024-12-31,0,500,136820,25000,0,12700,177300,1800,20925,15000
1403,2024-01-28,0,0,787000,25000,0,0,338700,0,3500,0
1404,2024-12-31,0,0,0,0,0,0,4600,0,0,0
1405,2024-12-31,0,1000,1018951,25000,0,91830,714580,6670,80040,100000
1406,2018-01-01,0,0,25000,25000,0,0,0,0,0,0
1407,2024-12-31,0,500,951172,25000,0,60830,172150,6670,80040,68000
1408,2024-12-31,0,500,603430,25000,0,6560,51800,940,11280,8000
1409,2024-12-31,0,500,332140,25000,143562,30080,242162,2920,35040,33500
1410,2018-01-03,0,0,198500,25000,0,0,260200,0,0,0
1411,2018-01-01,0,0,20500,0,0,0,0,0,0,0
1412,2024-12-31,0,20000,461890,25000,0,0,0,0,0,20000
1413,2024-12-31,0,500,2066920,25000,0,46165,3907870,13335,93370,1760000
1414,2024-12-31,0,30000,1372765,25000,0,0,0,0,0,30000
1416,2024-12-31,0,1000,353925,25000,0,26500,447200,2500,7500,30000
1417,2024-12-31,0,500,367165,25000,0,35225,581345,4275,40445,40000
1418,2019-01-01,0,0,155000,25000,0,0,50000,0,0,0
1419,2019-06-30,0,0,144324,25000,0,0,0,0,0,0
1420,2024-12-31,0,500,1145500,25000,2200200,62160,2138040,7340,7340,70000
1421,2024-12-31,0,500,808000,25000,0,7375,202650,2125,25500,10000
1422,2024-12-29,0,500,233740,25000,500200,25000,475200,2500,2500,28000
1424,2024-07-31,0,0,3100,25000,0,0,72370,0,1000,5000
1425,2018-01-01,0,0,21875,25000,0,0,123450,0,0,0
1426,2024-03-31,0,0,340550,25000,0,0,109230,0,0,30000
1427,2024-12-31,0,500,501792,25000,0,41700,894320,4170,50040,46370
1428,2024-12-31,0,500,757550,25000,89460,27000,383060,2500,20000,30000
1429,2024-12-31,0,0,0,0,0,0,0,0,0,0
1430,2024-12-31,0,500,620660,25000,0,25745,61545,3755,44435,30000
1431,2024-12-31,0,0,0,0,0,0,0,0,0,0
1433,2024-12-31,0,500,635500,25000,111292.5,38165,370187,3335,40020,42000
1434,2024-11-30,0,0,0,0,0,0,0,0,0,0
1435,2024-12-31,0,500,343913,25000,0,11580,630820,2920,17520,15000
1436,2024-12-31,0,500,2069634,25000,0,66830,1115580,6670,80040,74000
1437,2024-12-31,0,500,717950,25000,0,40865,1102235,6835,69015,48200
1438,2018-01-01,0,0,71500,25000,0,0,252380,0,0,0
1439,2024-12-31,0,500,345540,25000,0,1500,277800,4000,48000,5000
1440,2024-09-25,0,0,981140,25000,0,0,0,0,0,0
1441,2024-12-31,0,10000,1250500,25000,0,0,0,0,0,10000
1442,2024-12-31,0,500,674150,25000,0,45330,365580,4170,50040,50000
1445,2024-12-31,0,15000,1324865,25000,0,0,0,0,0,15000
1446,2024-12-31,0,500,844415,25000,0,43315,1041060,4335,52020,48150
1447,2024-12-31,0,28000,1262600,25000,0,0,0,0,0,28000
1448,2024-12-31,0,10000,953975,25000,0,0,0,0,0,10000
1449,2024-12-31,0,25000,866340,25000,0,0,0,0,0,25000
1450,2021-06-29,0,0,338080,25000,0,0,592310,0,0,0
1452,2024-12-31,0,500,68550,25000,76999,25417,209468,2000,19250,27917
1453,2024-12-31,0,500,361850,25000,0,33365,199240,3335,40020,37200
1454,2024-12-31,0,5000,1639470,25000,1000200,50830,949370,4170,4170,60000
1455,2024-12-31,0,500,846500,25000,0,15330,34410,4170,50040,20000
1456,2024-12-31,0,500,411100,25000,0,19500,325200,0,0,20000
1457,2024-09-30,0,0,674940,25000,0,0,1037945,6215,50335,0
1458,2024-12-31,0,0,0,0,0,0,0,0,0,0
1459,2024-09-30,0,0,831135,25000,0,0,1401200,5000,35850,0
1460,2024-12-31,0,500,500575,25000,0,15330,758220,4170,35020,20000
1461,2024-12-31,0,50000,841790,25000,0,0,0,0,2920,50000
1462,2024-12-31,0,11500,204335,25000,0,0,0,0,3760,11500
1463,2018-01-01,0,0,230500,25000,0,0,258200,0,0,0
1464,2018-01-01,0,0,34860,25000,0,0,0,0,0,0
1465,2024-12-31,0,10000,1024554,25000,0,0,0,0,0,10000
1466,2024-12-31,0,1000,917800,25000,0,128000,207200,6000,72000,135000
1467,2024-12-31,0,46370,1832975,25000,0,0,0,0,0,46370
1468,2024-12-31,0,1000,1057475,25000,0,41080,274115,2290,35040,45000
1469,2024-12-31,0,500,1193470,25000,0,72165,889065,7335,88020,80000
1470,2024-12-31,0,25000,892400,25000,0,0,0,0,0,25000
1471,2024-12-31,0,5000,275010,25000,0,27500,307700,2500,17500,35000
1472,2024-12-31,0,500,888650,25000,0,44500,475235,5000,60000,50000
1474,2024-12-31,0,111000,1223695,25000,0,0,0,0,0,0
1475,2024-12-31,0,20000,1128620,25000,0,0,0,0,0,20000
1476,2023-06-06,0,0,25254,0,0,0,51490,0,0,0
1477,2024-12-31,0,330,2008080,25000,0,23000,1176730,6670,80040,30000
1478,2023-06-26,0,0,725000,25000,0,0,1500200,0,0,0
1479,2023-08-15,0,0,73980,25000,0,0,103125,0,0,0
1480,2023-05-31,0,0,988758,25000,0,0,1606240,0,0,0
1481,2024-12-31,0,45917,450494,25000,0,0,0,0,0,45917
1482,2024-12-31,0,50000,402200,25000,0,0,0,0,0,50000
1483,2024-09-30,0,0,945020,25000,0,0,33200,0,22500,0
1484,2023-02-28,0,0,1088100,25000,0,0,1693590,0,0,0
1485,2024-12-31,0,5000,435510,25000,0,44060,18020,940,21945,50000
1486,2024-06-30,0,0,593095,25000,0,0,0,0,0,0
1487,2024-09-30,0,0,449800,25000,0,0,742125,0,18465,0
1488,2024-12-31,0,5000,274591,25000,0,62000,194500,3000,42260,70000
1489,2024-02-28,0,0,438930,25000,0,0,754690,0,8340,0
1491,2024-12-31,0,500,326672,25000,0,7200,249740,2300,27500,10000
1492,2024-12-31,0,500,401250,25000,0,11580,653880,2920,11680,15000
1493,2024-12-31,0,74000,3327620,25000,0,0,0,0,0,74000
1494,2024-12-31,0,0,10700,0,0,0,0,0,0,0
1495,2024-12-31,0,500,278507,25000,0,22000,434200,2500,20300,25000
1496,2022-01-01,0,0,91909,25000,0,0,180195,0,0,0
1497,2023-07-29,0,0,99540,25000,0,0,1026440,0,0,0
1498,2024-12-31,0,1000,223677,25000,103305,18917,84388,0,6875,17917
1499,2018-01-01,0,0,25000,0,0,0,0,0,0,0
1500,2024-12-31,0,500,241460,25000,355710,25000,370870,2500,30000,28000
1501,2024-05-17,0,0,581300,25000,266250,0,266250,0,0,0
1502,2024-12-31,0,100000,1606280,25000,0,0,0,0,0,100000
1503,2018-01-01,0,0,50500,25000,0,0,170650,0,0,0
1504,2024-12-31,0,0,0,0,0,0,0,0,0,0
1505,2024-12-31,0,500,514710,25000,0,40750,329700,3750,45000,45000
1506,2024-12-31,0,20000,162200,25000,0,18250,72450,1250,12500,20000
1507,2024-12-31,0,100,398874,25000,0,1165,788550,3335,33350,5000
1508,2024-10-31,3700000,0,3675000,25000,0,0,0,0,0,0
1509,2018-01-01,0,0,15000,25000,0,0,0,0,0,0
1510,2024-12-31,0,45000,869411,25000,0,0,0,0,0,45000
1511,2024-12-31,0,10000,961200,25000,0,0,0,0,0,10000
1512,2024-12-31,0,500,631760,25000,0,4580,972090,4920,381190,10000
1514,2024-12-31,0,1000,674900,25000,121729.5,29000,92295.5,0,0,30000
1515,2024-12-31,0,5000,450000,25000,0,0,0,0,0,5000
1516,2024-09-30,0,0,473235,25000,0,0,532790,0,37530,0
1517,2024-12-31,0,10000,220850,25000,0,0,0,0,13750,10000
1518,2024-12-31,0,1000,911770,25000,0,50060,368280,5940,61880,57000
1519,2024-12-31,0,500,1502990,25000,0,44500,1781700,10000,120000,55000
1520,2024-12-31,0,500,342300,25000,0,21500,511700,3000,23500,75000
1521,2024-12-31,0,500,1733500,25000,0,50000,956200,5000,60000,55500
1522,2024-09-30,0,0,372000,25000,0,0,0,0,0,0
1523,2024-12-31,0,1000,333215,25000,88795,24000,64795,0,22500,25000
1525,2024-12-31,0,5000,1187926,25000,0,117665,1196676,7335,88020,130000
1526,2024-12-31,0,500,749505,25000,0,21500,1238326,3000,36000,25000
1527,2021-04-30,0,0,86900,25000,0,0,0,0,0,0
1528,2024-12-31,0,500,512018,25000,66562.5,9500,57062.5,0,0,10000
1529,2024-12-31,0,20000,1815000,25000,0,0,0,0,0,20000
1530,2024-12-31,0,10000,885000,25000,0,0,0,0,0,10000
1531,2024-12-31,0,50000,931410,25000,0,0,0,0,3760,50000
1532,2024-12-31,0,50000,2532790,25000,0,0,0,0,40020,50000
1533,2024-12-31,0,0,0,0,0,0,0,0,0,0
1536,2024-12-31,0,500,593730,25000,1000200,45330,954870,4170,31170,50000
1539,2022-03-30,0,0,393000,25000,0,0,225150,0,0,0
1540,2018-02-28,0,0,137000,25000,0,0,400200,0,0,0
1541,2024-12-31,0,500,166700,25000,150200,21060,311310,3440,50940,25000
1542,2023-03-31,0,0,195000,25000,0,0,185400,0,0,0
1543,2024-12-31,0,500,540070,25000,0,35330,752890,4170,46290,40000
1544,2024-12-31,0,5000,1555505,25000,0,38000,210200,2000,10000,45000
1546,2024-12-31,0,0,0,0,0,0,0,0,0,0
1551,2023-09-30,0,0,1606300,25000,0,0,0,0,0,0
1552,2024-12-31,0,500,284890,25000,0,18250,90700,1250,13750,20000
1553,2023-07-31,0,0,18500,0,0,0,70635,0,0,0
1554,2024-12-31,0,500,776220,25000,0,66165,369630,3335,28350,70000
1555,2019-05-07,0,0,538320,25000,0,0,870200,0,0,0
1556,2024-12-31,0,10300,460295,25000,0,27000,0,2700,32400,40000
1557,2024-12-31,0,500,246920,25000,0,25000,336400,2500,35000,28000
1558,2024-12-31,0,500,495610,25000,0,41700,176570,4170,50040,46370
1561,2023-12-31,0,0,70000,25000,0,0,0,0,0,0
1562,2024-12-31,0,0,6000,25000,0,0,32000,0,0,0
1563,2024-12-31,0,500,1710965,25000,0,50000,251200,5000,60000,55500
1564,2024-02-28,0,0,380000,25000,0,0,0,0,0,15000
1565,2021-01-19,0,0,145000,25000,0,0,200200,0,0,0
1566,2024-09-30,0,0,2131455,25000,0,0,567417,0,75015,0
1567,2021-10-14,0,0,52500,25000,0,0,74500,0,0,0
1568,2018-07-08,0,0,20000,25000,0,0,0,0,0,0
1569,2024-12-31,0,500,745800,25000,0,50000,139450,5000,60000,55500
1570,2024-12-31,0,0,0,0,0,0,0,0,0,0
1571,2024-12-31,0,0,0,0,0,0,0,0,0,0
1572,2024-10-31,0,0,107190,25000,0,0,71700,0,23800,0
1573,2024-12-31,0,500,73425,25000,43665,17620,303125,1880,20660,20000
1575,2024-12-31,0,500,944545,25000,0,66830,246430,6670,80040,74000
1576,2024-12-31,0,10000,488353,25000,0,0,0,0,0,10000
1578,2024-12-31,0,500,760000,25000,153040.5,55330,897670.5,4170,68290,60000
1579,2023-06-26,0,0,209709,25000,0,0,562385,0,0,0
1580,2024-12-31,0,0,0,0,0,0,0,0,0,0
1582,2023-12-31,0,0,404800,25000,0,0,386700,0,12500,0
1583,2024-12-31,0,500,748150,25000,89460,40870,1303570,5000,47510,46370
1584,2018-01-01,0,0,99600,25000,0,0,50000,0,0,0
1585,2024-12-31,0,1000,153600,25000,44730,12250,195755,1250,10645,15000
1586,2024-12-31,0,1000,663500,25000,54102,19000,35102,0,0,20000
1587,2024-12-31,0,100,79800,25000,0,3900,13000,1000,12000,5000
1588,2024-12-31,0,5000,377005,25000,0,0,0,0,0,5000
1589,2024-12-31,0,500,165882,25000,0,22000,479229,3000,31500,25500
1590,2024-12-31,0,10000,259350,25000,0,0,0,0,11250,10000
1591,2024-12-31,0,500,1382175,25000,0,41700,692970,4170,33190,46370
1592,2024-12-31,0,100000,4415000,25000,0,0,0,0,0,100000
1593,2023-09-30,0,0,192380,25000,0,0,11200,0,11250,0
1594,2024-12-31,0,46370,690570,25000,0,0,0,0,0,46370
1595,2024-12-31,0,50000,1869800,25000,0,0,0,0,0,50000
1596,2024-12-31,0,1000,783000,25000,176790,55000,600930,4000,48000,60000
1597,2018-08-31,119500,0,0,0,0,0,0,0,0,0
1598,2024-05-31,0,0,1173815,25000,0,0,869260,0,33350,0
1600,2024-12-31,0,1000,536712,25000,0,16917,26748,0,0,17917
1602,2024-12-24,0,20000,421100,25000,0,0,0,0,0,40000
1603,2024-12-31,0,0,178100,25000,0,0,78885,0,39600,37200
1604,2024-12-31,0,500,675300,25000,0,46830,538430,4670,57040,52000
1605,2024-12-31,0,500,587130,25000,0,41700,416400,4170,50040,46370
1606,2024-12-31,0,500,308500,25000,0,25000,121200,2500,30000,28000
1607,2024-09-30,0,0,375000,25000,0,0,0,0,0,0
1608,2024-12-31,0,20000,1615000,25000,0,0,0,0,0,20000
1609,2023-09-30,0,0,372500,25000,0,0,712980,0,37530,0
1611,2024-12-31,0,500,1059350,25000,2000200,17830,1982370,6670,10420,25000
1612,2024-12-31,0,50000,1241610,25000,0,0,0,0,0,50000
1614,2018-01-01,0,0,187300,25000,0,0,192950,0,0,0
1615,2018-12-31,0,0,125000,25000,0,0,150200,0,0,0
1616,2024-12-31,0,28000,396020,25000,0,0,0,0,25000,28000
1617,2019-05-25,0,0,8000,25000,0,0,37250,0,0,0
1618,2022-10-31,0,0,826800,25000,0,0,809330,0,0,0
1619,2024-12-31,0,500,308265,25000,0,8875,2575,625,6875,10000
1620,2024-12-31,0,10000,1107645,25000,500200,58180,519280,6820,54340,75000
1621,2024-09-30,0,0,366900,25000,0,0,0,0,23360,0
1622,2024-12-31,0,500,40140,25000,0,3100,68700,1400,16800,5000
1623,2024-12-31,0,0,0,0,0,0,0,0,0,0
1624,2024-09-30,0,0,0,0,0,0,56705,0,0,0
1625,2024-12-31,0,500,162275,25000,0,15560,87960,940,10010,17000
1626,2024-12-31,0,20000,1655000,25000,0,0,0,0,0,20000
1627,2024-12-31,0,1000,132280,25000,66562.5,19000,47562.5,0,0,20000
1628,2024-12-31,0,0,0,0,0,0,0,0,0,0
1629,2024-12-31,0,25500,726150,25000,0,0,0,0,0,25500
1630,2024-12-31,0,500,259174,25000,0,24995,279990,2505,31890,28000
1631,2024-09-30,0,0,1167600,25000,0,0,1967370,6670,6670,0
1632,2024-12-31,0,15000,1012200,12300,0,0,0,0,0,15000
1633,2024-09-30,0,0,0,0,0,0,0,0,0,0
1634,2024-12-31,0,150000,718910,25000,0,0,0,0,0,150000
1636,2024-12-30,0,500,46020,25000,21832.5,9000,53672.5,500,1500,10000
1638,2023-12-13,0,0,0,0,0,0,0,0,0,0
1639,2022-12-02,0,0,26500,25000,0,0,46075,0,0,0
1640,2024-11-28,0,0,122200,25000,0,0,177630,1875,13125,10000
1642,2024-12-31,0,55500,1301500,25000,0,0,0,0,0,55500
1643,2023-02-28,0,0,522600,25000,0,0,490910,0,0,0
1644,2024-12-31,0,500,76395,25000,21832.5,14625,106956.5,1875,17500,17000
1645,2024-12-31,0,500,451180,25000,150200,20560,321340,3940,36940,25000
1646,2024-12-31,0,0,1019140,25000,0,0,0,0,25000,0
1647,2022-12-31,0,0,86110,25000,0,0,103710,0,0,0
1648,2024-12-31,0,50000,875000,25000,0,0,0,0,0,50000
1649,2024-12-31,0,0,0,0,0,0,0,0,0,0
1650,2024-12-31,0,500,728230,25000,0,47500,1031390,4000,49870,52000
1651,2024-12-31,0,45000,565535,25000,0,0,0,0,50435,45000
1652,2024-12-31,0,15000,402975,25000,0,0,0,0,2000,15000
1653,2022-10-31,0,0,892500,25000,0,0,778700,0,0,0
1654,2024-12-31,0,500,957719,25000,0,30000,651810,4500,54000,35000
1655,2024-12-31,0,15000,482765,25000,0,0,0,0,0,15000
1657,2024-12-31,0,500,300200,25000,0,22200,483600,2800,20400,25500
1659,2024-09-30,0,0,590800,25000,133125,0,133125,0,0,0
1661,2023-09-30,0,0,376500,25000,0,0,646920,0,41280,0
1662,2024-12-31,0,5000,195000,25000,0,0,0,0,0,5000
1663,2024-05-31,168750,0,7350,0,0,0,0,0,0,0
1664,2024-12-31,0,28000,521235,25000,0,0,0,0,0,28000
1666,2024-12-31,0,500,302000,25000,200200,7670,217510,1830,21960,10000
1667,2024-12-31,0,500,174500,25000,66562.5,19300,258862,1400,21200,21200
1668,2024-09-30,0,0,739800,25000,0,0,979700,0,45000,0
1669,2024-12-31,0,500,882500,25000,0,15330,770250,4170,50040,20000
1670,2024-12-31,0,1330,560760,25000,0,55000,793500,4170,45870,60500
1671,2024-12-31,0,5000,340000,25000,0,0,0,0,0,5000
1672,2024-09-30,0,0,1098500,25000,0,0,1221200,0,35000,0
1673,2024-12-31,0,500,489630,25000,0,145750,296950,3750,41250,150000
1674,2024-12-31,0,500,237485,25000,0,27000,176200,2500,30000,30000
1675,2024-12-31,0,10000,237550,25000,0,0,0,0,0,10000
1676,2024-12-31,0,0,0,0,0,0,0,0,0,0
1677,2024-12-31,0,500,40000,25000,0,5875,53200,625,8800,7000
1678,2022-01-31,0,0,564518,25000,0,0,544100,0,0,0
1680,2024-12-31,0,35000,662570,25000,0,0,0,0,0,35000
1682,2024-12-31,0,1000,682990,25000,0,45000,570200,4000,48000,50000
1683,2024-12-31,0,500,511000,25000,0,41700,536170,4170,50040,46370
1685,2024-12-31,0,10000,625000,25000,0,0,0,0,0,10000
1686,2024-12-31,0,0,0,0,0,0,0,0,0,0
1687,2024-12-31,0,500,323310,25000,0,21500,557200,3000,6000,25000
1688,2024-12-31,0,5000,1715500,25000,0,135000,2265700,10000,60000,150000
1690,2024-12-31,0,3000,185500,25000,150200,1560,148640,940,940,3000
1691,2024-12-31,0,20000,894970,25000,0,0,0,0,3750,20000
1693,2024-12-31,0,10000,622070,25000,0,0,0,0,0,10000
1694,2024-12-31,0,500,325740,25000,500200,17000,483200,2500,8140,20000
1695,2024-12-31,0,459,154306,25000,0,4000,23860,1500,18000,5959
1696,2023-10-31,0,0,0,0,0,0,0,0,0,0
1698,2024-12-31,0,0,20500,0,0,0,0,0,0,0
1699,2024-12-31,0,22917,208064,25000,0,0,0,0,6610,22917
1701,2024-12-31,0,1000,1255000,25000,0,102330,1660815,7670,131360,111000
1702,2024-12-31,0,5000,330000,25000,0,0,0,0,0,5000
1703,2024-12-31,0,500,119000,25000,0,3500,96200,1000,12000,5000
1704,2024-12-31,0,500,180200,25000,0,22500,52400,2000,24000,25000
1707,2024-12-31,0,500,628500,25000,250000,42880,581640,6620,69040,50000
1708,2024-12-31,0,0,0,0,0,0,0,0,0,0
1709,2024-12-31,0,500,712105,25000,0,49500,1019110,4335,58670,55000
1710,2024-12-31,0,20000,1308454,25000,0,0,0,0,0,20000
1712,2023-09-30,0,0,572400,25000,0,0,0,0,0,0
1713,2024-12-31,0,1000,815095,25000,133125,49000,84125,0,33360,50000
1714,2024-12-31,0,500,268280,25000,150200,18060,132140,940,5940,20000
1715,2024-12-31,0,500,1331500,25000,0,34500,333860,5000,60000,40000
1716,2024-12-31,0,20000,1255000,25000,0,0,0,0,0,20000
1717,2024-12-31,0,45000,909425,25000,0,0,0,0,42030,45000
1718,2024-12-31,0,500,310000,25000,0,8000,77850,1500,18000,10000
1719,2024-12-31,0,0,0,0,0,0,0,0,0,0
1720,2024-12-31,0,20000,1235000,25000,0,0,0,0,0,20000
1721,2024-12-31,0,500,251140,25000,0,17300,408300,2200,10920,20000
1724,2024-12-31,0,500,91000,25000,150200,12620,157320,1880,22560,15000
1725,2024-07-31,0,0,37500,25000,0,0,0,0,0,0
1726,2023-04-26,0,0,17000,0,0,0,36200,0,0,0
1727,2024-12-31,0,500,92000,25000,66526.5,22010,137105,1440,17280,23950
1728,2024-12-31,0,1000,648005,25000,0,44830,462240,4170,50040,50000
1729,2024-12-31,0,500,435800,25000,0,17500,137700,2000,24000,20000
1731,2024-12-31,0,5000,445405,25000,0,42000,279700,3000,37345,50000
1732,2021-01-31,0,0,22600,25000,0,0,0,0,0,0
1733,2024-09-22,0,0,468610,25000,0,0,263890,0,0,0
1734,2024-12-31,0,500,498250,25000,21832.5,16500,209532,3000,36000,20000
1735,2024-12-31,0,10000,972210,25000,0,83330,1083570,6670,73370,100000
1736,2024-12-31,0,0,0,0,0,0,0,0,0,0
1737,2024-07-31,0,0,0,0,0,0,0,0,0,0
1738,2024-12-31,0,500,392300,25000,88395,25000,63395,0,12500,25500
1739,2024-12-31,0,300,82200,25000,0,8700,102700,2000,23700,11000
1740,2023-09-30,0,0,5500,0,0,0,0,0,0,0
1741,2023-09-30,0,0,0,0,0,0,0,0,0,0
1742,2024-12-31,0,15000,760000,25000,0,0,0,0,0,15000
1743,2024-12-31,0,2000,1015500,25000,0,67330,967420,6670,80040,76000
1744,2024-12-31,0,20300,260300,25000,0,7200,0,2500,30000,30000
1745,2024-12-31,0,500,117000,25000,0,22310,68730,2190,21580,25000
1746,2020-06-30,0,0,15000,0,0,0,0,0,0,0
1747,2020-12-31,0,0,195000,25000,0,0,0,0,0,0
1748,2024-12-31,0,500,986090,25000,0,13500,1665200,6000,60000,20000
1749,2024-12-31,0,20000,343550,25000,0,0,0,0,0,20000
1750,2024-12-31,0,55000,752040,25000,0,0,0,0,40000,55000
1751,2024-12-31,0,6000,56400,25000,0,0,0,0,0,6000
1752,2024-12-31,0,28000,370800,25000,0,0,0,0,0,28000
1753,2024-09-30,0,0,30500,0,0,0,0,0,0,0
1754,2024-12-31,0,0,0,0,0,0,0,0,0,0
1755,2024-12-31,0,500,146000,25000,0,18820,243740,1880,22560,21200
1756,2024-12-31,0,5000,270000,25000,0,0,0,0,0,5000
1757,2024-12-31,0,1000,227230,25000,0,18060,96020,940,12220,20000
1758,2024-12-31,0,1000,396365,25000,111292.5,48375,74365.5,625,11820,50000
1759,2024-12-31,0,0,0,0,0,0,0,0,0,0
1760,2024-12-31,0,500,299500,25000,0,12310,12360,2190,26280,15000
1761,2021-04-30,0,0,75000,25000,0,0,0,0,0,0
1762,2024-12-31,0,10000,515000,25000,0,0,0,0,0,10000
1763,2024-07-31,0,0,465000,25000,0,0,0,0,0,0
1764,2024-12-31,0,0,1612110,25000,0,1665,2530545,18335,166660,20000
1765,2024-12-31,0,500,577140,25000,99897,14500,85397,0,0,15000
1766,2023-05-31,0,0,42000,25000,0,0,0,0,0,0
1767,2024-12-31,0,10000,515000,25000,0,0,0,0,0,10000
1768,2024-12-31,0,30000,1775000,25000,0,0,0,0,0,30000
1769,2024-12-31,0,10000,444300,25000,0,0,0,0,0,10000
1770,2024-12-31,0,0,0,0,0,0,0,0,0,0
1771,2024-09-30,0,0,89950,25000,0,0,171240,1565,8460,0
1772,2024-12-31,0,1000,327365,25000,31311,38375,15011,625,5000,40000
1773,2024-12-31,0,500,215000,25000,0,27000,290850,2500,30000,30000
1774,2023-05-31,0,0,0,0,0,0,0,0,0,0
1776,2024-12-31,0,500,1035000,25000,0,40000,164400,4000,48000,44500
1777,2024-12-31,0,500,70100,25000,88395,13000,134695,1000,11000,14500
1778,2024-12-31,0,500,679120,25000,0,9500,1696400,10000,75000,20000
1779,2024-07-31,0,0,0,0,0,0,0,0,0,0
1780,2024-11-30,0,15000,94175,25000,0,0,0,0,6000,15000
1781,2023-12-31,0,0,68900,25000,0,0,190400,0,0,0
1782,2024-12-31,0,500,337500,25000,0,8250,158950,1250,6250,10000
1783,2024-12-31,0,15000,231050,25000,0,0,0,0,6250,15000
1784,2024-12-31,0,500,135300,25000,0,12750,53700,1250,15000,14500
1785,2024-12-31,0,500,199050,25000,0,26500,247200,3000,13500,30000
1786,2024-12-31,0,50,63000,25000,0,1200,110600,750,8250,2000
1787,2024-12-31,0,20000,248850,25000,0,0,0,0,2000,20000
1788,2023-12-31,0,0,0,0,0,0,0,0,0,0
1789,2024-12-31,0,500,570200,25000,0,13030,948080,4170,22930,17800
1790,2024-01-31,0,0,4000,0,0,0,0,0,0,0
1791,2021-09-30,0,0,0,0,0,0,70000,0,0,0
1792,2024-12-31,0,500,660000,25000,0,47500,987200,4000,40000,52000
1793,2024-12-31,0,20000,755000,25000,0,0,0,0,0,20000
1794,2024-12-31,0,500,218950,25000,0,33780,353380,2920,29130,37200
1795,2024-12-31,0,500,1062390,25000,0,62830,1321900,6670,73370,70000
1796,2024-12-31,0,500,356550,25000,0,17000,532200,3000,14250,20500
1797,2024-12-31,0,500,501000,25000,111292.5,15830,953192.5,4170,41700,20500
1798,2024-12-31,0,500,233000,25000,89460,20434,432816,4066,43152,25000
1799,2024-12-31,0,500,400010,25000,0,20955,422280,3545,42540,25000
1800,2024-12-31,0,0,0,25000,0,0,0,0,0,0
1801,2023-09-30,0,0,0,0,0,0,0,0,0,0
1802,2024-12-31,0,5000,160000,25000,0,0,0,0,0,5000
1803,2024-12-31,0,10000,420000,25000,0,0,0,0,0,10000
1804,2024-12-31,0,0,0,0,0,0,0,0,0,0
1805,2024-12-31,0,38707.5,2425975,25000,111295.5,111292.5,0,0,29190,150000
1806,2024-12-31,0,500,140224,25000,200200,16165,184035,1250,11250,17917
1807,2024-12-31,0,500,180300,25000,0,8250,150700,1250,8125,10000
1808,2024-12-31,0,500,155500,25000,0,7825,83575,1675,20100,10000
1810,2024-12-31,0,1000,89000,25000,69012,18500,164372,1400,14400,20000
1811,2024-12-31,0,500,430300,25000,89460,25000,64460,0,0,25500
1812,2024-12-31,0,50000,828890,25000,0,0,0,0,0,50000
1813,2024-12-31,0,500,189800,25000,0,12500,312700,2000,14000,15000
1814,2023-04-30,0,0,15000,0,0,0,0,0,0,0
1815,2023-04-06,0,0,57000,25000,0,0,0,0,0,0
1816,2024-03-12,0,0,245000,25000,0,0,40400,0,0,0
1817,2024-12-30,0,1000,290500,25000,0,17750,136450,1250,3750,20000
1818,2024-12-31,0,0,0,0,0,0,0,0,0,0
1819,2024-12-31,0,0,1000,1000,0,0,0,0,0,0
1820,2024-12-31,0,500,944790,25000,0,33365,241700,3335,40020,37200
1821,2024-12-31,0,10000,295000,25000,0,0,0,0,0,10000
1822,2022-12-31,0,0,355000,25000,0,0,648740,0,0,0
1823,2024-12-31,0,500,581975,25000,1300200,5165,1295035,4335,15585,510000
1824,2023-03-03,0,0,45000,25000,0,0,0,0,0,0
1825,2022-04-30,0,0,15000,25000,0,0,60200,0,0,0
1826,2022-01-09,0,0,175000,25000,0,0,0,0,0,0
1827,2024-12-31,0,500,172000,25000,89460,10300,195410,2200,26400,13000
1828,2024-12-31,0,30000,156260,25000,0,0,0,0,16140,30000
1829,2024-12-31,0,1000,225587,25000,100200,16292,83908,625,625,17917
1830,2024-12-31,0,1000,90590,25000,32269.5,19000,13269,1550,15800,20000
1831,2022-07-31,0,0,35000,25000,0,0,0,0,0,0
1832,2024-12-31,0,500,545300,25000,1000200,25330,978870,4170,4170,30000
1833,2023-08-31,0,0,0,0,0,0,0,0,0,0
1834,2024-12-31,0,30000,305000,25000,0,0,0,0,0,30000
1835,2024-12-31,0,32000,967000,25000,0,0,0,0,0,32000
1836,2024-12-31,0,500,110800,25000,200200,12750,187450,1250,17750,14500
1837,2024-12-31,0,10000,366700,25000,0,34000,442900,4000,30500,50000
1838,2024-12-31,0,5000,145000,25000,0,0,0,0,0,5000
1839,2024-12-31,0,500,323500,25000,0,29100,121100,3000,36000,32600
1840,2024-12-31,0,500,447000,25000,0,17155,798735,3545,10595,21200
1841,2024-12-31,0,30000,595000,25000,0,0,0,0,0,30000
1842,2024-12-31,0,500,93500,25000,0,15917,135896,1500,18000,17917
1843,2024-12-31,0,500,145500,25000,270200,8000,262200,1500,1500,10000
1844,2024-12-31,0,15000,400000,25000,0,0,0,0,0,15000
1845,2024-09-30,0,0,315000,25000,0,0,0,0,0,0
1846,2024-12-31,0,10000,255000,25000,0,0,0,0,0,10000
1847,2024-12-31,0,5000,145000,25000,0,0,0,0,0,5000
1848,2024-12-31,0,500,135500,25000,50200,4000,46200,500,500,5000
1849,2024-12-31,0,10000,305000,25000,0,0,0,0,0,10000
1850,2024-12-31,0,23200,178800,25000,0,0,0,0,16500,23200
1851,2024-12-31,0,5000,350500,25000,0,26750,178900,3250,39000,35000
1852,2024-12-31,350000,15000,15000,25000,0,0,0,0,0,15000
1853,2024-12-31,0,50000,1425000,25000,0,0,0,0,0,50000
1854,2024-12-31,0,132300,143500,25000,66526.5,8250,258976,1250,8750,10000
1855,2023-04-30,0,0,5000,25000,0,0,0,0,0,0
1856,2024-08-23,0,0,338000,25000,0,0,0,0,0,0
1857,2024-12-31,0,1000,833000,25000,0,50500,801700,4000,32000,55500
1858,2024-12-31,0,100000,1675000,25000,0,0,0,0,0,100000
1859,2024-12-31,0,25000,1625000,25000,0,0,0,0,0,25000
1860,2024-12-31,0,30000,443000,25000,0,0,0,0,0,30000
1861,2024-12-31,0,1000,206000,25000,43665,34665,0,0,0,10000
1862,2024-12-31,0,10000,195000,25000,0,0,0,0,0,10000
1863,2024-12-31,0,500,181500,25000,0,18250,66700,1250,12500,20000
1864,2024-12-31,0,20000,435000,25000,0,0,0,0,0,20000
1865,2024-12-31,0,35000,745000,25000,0,0,0,0,0,35000
1866,2024-12-31,0,1000,131425,25000,20874,19000,1874,0,0,20000
1867,2023-12-11,0,0,95000,25000,0,0,50200,0,0,0
1868,2024-12-31,0,500,71500,25000,0,8500,96700,1000,9600,10000
1869,2024-09-30,0,0,60000,25000,0,0,0,0,0,0
1870,2024-12-31,0,500,60500,25000,0,8600,45600,900,9900,10000
1871,2024-12-31,0,1000,85000,25000,0,8375,24825,625,5625,10000
1872,2024-12-31,0,20000,355000,25000,0,0,0,0,0,20000
1873,2024-12-31,0,25000,425000,25000,0,0,0,0,0,25000
1874,2024-12-23,0,500,15500,0,0,9500,0,0,0,10000
1875,2024-12-22,0,10000,60425,25000,120200,19250,100950,750,5125,30000
1876,2024-12-31,0,10000,135000,25000,0,0,0,0,0,10000
1877,2024-12-31,0,5000,1755000,25000,0,140000,660200,5000,30000,150000
1878,2024-12-19,0,10000,85000,25000,0,0,0,0,0,10000
1879,2024-12-31,0,500,59500,25000,130200,4700,125500,800,800,6000
1880,2024-12-31,0,10000,155000,25000,0,0,0,0,0,10000
1881,2024-12-31,0,500,115500,25000,103305,9500,93805,0,0,10000
1882,2024-12-31,0,10000,1025000,25000,0,87500,62700,2500,12500,100000
1883,2024-12-31,0,500,77500,25000,0,8375,107900,1125,5000,10000
1884,2024-12-31,0,1000,676000,25000,1000200,44830,955370,4170,4170,50000
1885,2024-12-31,0,500,31000,25000,0,8700,22300,300,600,20000
1886,2024-12-31,0,500,40500,25000,66562.5,4500,62062,0,0,5000
1887,2024-10-31,0,0,27000,25000,0,0,0,0,0,0
1888,2024-12-31,0,3000,11000,25000,0,0,0,0,0,5000
1889,2024-12-31,0,50000,545000,25000,0,0,0,0,0,50000
1890,2024-12-31,0,50000,575000,25000,0,0,0,0,0,50000
1891,2024-12-31,0,5000,35000,25000,0,0,0,0,0,5000
1892,2024-09-30,0,0,65000,25000,0,0,0,0,0,0
1893,2024-12-31,0,10000,85000,25000,0,0,0,0,0,10000
1894,2024-12-31,0,15000,140000,25000,0,0,0,0,0,15000
1895,2024-12-31,0,10000,85000,25000,0,0,0,0,0,10000
1896,2024-12-31,0,50000,375000,25000,0,0,0,0,0,50000
1897,2024-12-01,0,5000,15000,25000,0,0,0,0,0,5000
1898,2024-09-30,0,0,25000,0,0,0,0,0,0,0
1899,2024-10-31,107500,0,0,0,0,0,0,0,0,0
1900,2024-12-31,0,50000,325000,25000,0,0,0,0,0,50000
1901,2024-12-31,0,10000,45000,25000,0,0,0,0,0,10000
1902,2024-12-31,0,20000,115000,25000,0,0,0,0,0,20000
1903,2024-12-31,0,10000,45000,25000,0,0,0,0,0,10000
1904,2024-12-31,0,10000,45000,25000,0,0,0,0,0,10000
1905,2024-12-31,0,10000,45000,25000,0,0,0,0,0,10000
1906,2024-12-31,0,10000,45000,25000,0,0,0,0,0,10000
1907,2024-12-31,0,10000,45000,25000,0,0,0,0,0,10000
1908,2024-12-31,0,10000,45000,25000,0,0,0,0,0,10000
1909,2024-12-31,0,30000,185000,25000,0,0,0,0,0,30000
1910,2024-12-31,0,15000,65000,25000,0,0,0,0,0,15000
1911,2024-09-30,0,0,5000,25000,0,0,0,0,0,0
1912,2024-08-31,0,30000,125000,25000,0,0,0,0,0,0
1913,2024-12-31,0,10000,15000,25000,0,0,0,0,0,10000
1914,2024-12-31,0,10000,15000,25000,0,0,0,0,0,10000
1915,2024-12-31,0,50000,125000,25000,0,0,0,0,0,50000
1916,2024-12-31,0,30000,5000,25000,0,0,0,0,0,30000
1917,2024-12-31,0,20000,20000,0,0,0,0,0,0,20000
1921,2024-10-30,0,0,95000,25000,0,0,0,0,0,0
1924,2024-12-31,0,15000,20000,25000,0,0,0,0,0,15000
1925,2024-09-30,0,0,65000,25000,0,0,0,0,0,0
1926,2024-09-30,0,0,10000,0,0,0,0,0,0,0
1927,2024-09-30,0,0,20000,0,0,0,0,0,0,0
1928,2024-09-30,0,0,10000,0,0,0,0,0,0,0
1929,2024-09-30,0,0,5000,0,0,0,0,0,0,0
